,datetime,energy_price,battery_charge,household_demand,solar_produced
0,1570939260.0,0.0,0.0,0.0048333333333333,0.0
1,1570939320.0,0.0,0.0,0.0048333333333333,0.0
2,1570939380.0,0.0,0.0,0.0048333333333333,0.0
3,1570939440.0,0.0,0.0,0.0048333333333333,0.0
4,1570939500.0,0.0,0.0,0.0048333333333333,0.0
5,1570939560.0,0.0,0.0,0.0048333333333333,0.0
6,1570939620.0,0.0,0.0,0.0048333333333333,0.0
7,1570939680.0,0.0,0.0,0.0048333333333333,0.0
8,1570939740.0,0.0,0.0,0.0048333333333333,0.0
9,1570939800.0,0.0,0.0,0.0048333333333333,0.0
10,1570939860.0,0.0,0.0,0.0048333333333333,0.0
11,1570939920.0,0.0,0.0,0.0048333333333333,0.0
12,1570939980.0,0.0,0.0,0.0048333333333333,0.0
13,1570940040.0,0.0,0.0,0.0048333333333333,0.0
14,1570940100.0,0.0,0.0,0.0048333333333333,0.0
15,1570940160.0,0.0,0.0,0.0048333333333333,0.0
16,1570940220.0,0.0,0.0,0.0048333333333333,0.0
17,1570940280.0,0.0,0.0,0.0048333333333333,0.0
18,1570940340.0,0.0,0.0,0.0048333333333333,0.0
19,1570940400.0,0.0,0.0,0.0048333333333333,0.0
20,1570940460.0,0.0,0.0,0.0048333333333333,0.0
21,1570940520.0,0.0,0.0,0.0048333333333333,0.0
22,1570940580.0,0.0,0.0,0.0048333333333333,0.0
23,1570940640.0,0.0,0.0,0.0048333333333333,0.0
24,1570940700.0,0.0,0.0,0.0048333333333333,0.0
25,1570940760.0,0.0,0.0,0.0048333333333333,0.0
26,1570940820.0,0.0,0.0,0.0048333333333333,0.0
27,1570940880.0,0.0,0.0,0.0048333333333333,0.0
28,1570940940.0,0.0,0.0,0.0048333333333333,0.0
29,1570941000.0,0.0,0.0,0.0048333333333333,0.0
30,1570941060.0,0.0,0.0,0.0048333333333333,0.0
31,1570941120.0,0.0,0.0,0.0048333333333333,0.0
32,1570941180.0,0.0,0.0,0.0048333333333333,0.0
33,1570941240.0,0.0,0.0,0.0048333333333333,0.0
34,1570941300.0,0.0,0.0,0.0048333333333333,0.0
35,1570941360.0,0.0,0.0,0.0048333333333333,0.0
36,1570941420.0,0.0,0.0,0.0048333333333333,0.0
37,1570941480.0,0.0,0.0,0.0048333333333333,0.0
38,1570941540.0,0.0,0.0,0.0048333333333333,0.0
39,1570941600.0,0.0,0.0,0.0048333333333333,0.0
40,1570941660.0,0.0,0.0,0.0048333333333333,0.0
41,1570941720.0,0.0,0.0,0.0048333333333333,0.0
42,1570941780.0,0.0,0.0,0.0048333333333333,0.0
43,1570941840.0,0.0,0.0,0.0048333333333333,0.0
44,1570941900.0,0.0,0.0,0.0048333333333333,0.0
45,1570941960.0,0.0,0.0,0.0048333333333333,0.0
46,1570942020.0,0.0,0.0,0.0048333333333333,0.0
47,1570942080.0,0.0,0.0,0.0048333333333333,0.0
48,1570942140.0,0.0,0.0,0.0048333333333333,0.0
49,1570942200.0,0.0,0.0,0.0048333333333333,0.0
50,1570942260.0,0.0,0.0,0.0048333333333333,0.0
51,1570942320.0,0.0,0.0,0.0048333333333333,0.0
52,1570942380.0,0.0,0.0,0.0048333333333333,0.0
53,1570942440.0,0.0,0.0,0.0048333333333333,0.0
54,1570942500.0,0.0,0.0,0.0048333333333333,0.0
55,1570942560.0,0.0,0.0,0.0048333333333333,0.0
56,1570942620.0,0.0,0.0,0.0048333333333333,0.0
57,1570942680.0,0.0,0.0,0.0048333333333333,0.0
58,1570942740.0,0.0,0.0,0.0048333333333333,0.0
59,1570942800.0,0.0,0.0,0.0028333333333333,0.0
60,1570942860.0,0.0,0.0,0.0028333333333333,0.0
61,1570942920.0,0.0,0.0,0.0028333333333333,0.0
62,1570942980.0,0.0,0.0,0.0028333333333333,0.0
63,1570943040.0,0.0,0.0,0.0028333333333333,0.0
64,1570943100.0,0.0,0.0,0.0028333333333333,0.0
65,1570943160.0,0.0,0.0,0.0028333333333333,0.0
66,1570943220.0,0.0,0.0,0.0028333333333333,0.0
67,1570943280.0,0.0,0.0,0.0028333333333333,0.0
68,1570943340.0,0.0,0.0,0.0028333333333333,0.0
69,1570943400.0,0.0,0.0,0.0028333333333333,0.0
70,1570943460.0,0.0,0.0,0.0028333333333333,0.0
71,1570943520.0,0.0,0.0,0.0028333333333333,0.0
72,1570943580.0,0.0,0.0,0.0028333333333333,0.0
73,1570943640.0,0.0,0.0,0.0028333333333333,0.0
74,1570943700.0,0.0,0.0,0.0028333333333333,0.0
75,1570943760.0,0.0,0.0,0.0028333333333333,0.0
76,1570943820.0,0.0,0.0,0.0028333333333333,0.0
77,1570943880.0,0.0,0.0,0.0028333333333333,0.0
78,1570943940.0,0.0,0.0,0.0028333333333333,0.0
79,1570944000.0,0.0,0.0,0.0028333333333333,0.0
80,1570944060.0,0.0,0.0,0.0028333333333333,0.0
81,1570944120.0,0.0,0.0,0.0028333333333333,0.0
82,1570944180.0,0.0,0.0,0.0028333333333333,0.0
83,1570944240.0,0.0,0.0,0.0028333333333333,0.0
84,1570944300.0,0.0,0.0,0.0028333333333333,0.0
85,1570944360.0,0.0,0.0,0.0028333333333333,0.0
86,1570944420.0,0.0,0.0,0.0028333333333333,0.0
87,1570944480.0,0.0,0.0,0.0028333333333333,0.0
88,1570944540.0,0.0,0.0,0.0028333333333333,0.0
89,1570944600.0,0.0,0.0,0.0028333333333333,0.0
90,1570944660.0,0.0,0.0,0.0028333333333333,0.0
91,1570944720.0,0.0,0.0,0.0028333333333333,0.0
92,1570944780.0,0.0,0.0,0.0028333333333333,0.0
93,1570944840.0,0.0,0.0,0.0028333333333333,0.0
94,1570944900.0,0.0,0.0,0.0028333333333333,0.0
95,1570944960.0,0.0,0.0,0.0028333333333333,0.0
96,1570945020.0,0.0,0.0,0.0028333333333333,0.0
97,1570945080.0,0.0,0.0,0.0028333333333333,0.0
98,1570945140.0,0.0,0.0,0.0028333333333333,0.0
99,1570945200.0,0.0,0.0,0.0028333333333333,0.0
100,1570945260.0,0.0,0.0,0.0028333333333333,0.0
101,1570945320.0,0.0,0.0,0.0028333333333333,0.0
102,1570945380.0,0.0,0.0,0.0028333333333333,0.0
103,1570945440.0,0.0,0.0,0.0028333333333333,0.0
104,1570945500.0,0.0,0.0,0.0028333333333333,0.0
105,1570945560.0,0.0,0.0,0.0028333333333333,0.0
106,1570945620.0,0.0,0.0,0.0028333333333333,0.0
107,1570945680.0,0.0,0.0,0.0028333333333333,0.0
108,1570945740.0,0.0,0.0,0.0028333333333333,0.0
109,1570945800.0,0.0,0.0,0.0028333333333333,0.0
110,1570945860.0,0.0,0.0,0.0028333333333333,0.0
111,1570945920.0,0.0,0.0,0.0028333333333333,0.0
112,1570945980.0,0.0,0.0,0.0028333333333333,0.0
113,1570946040.0,0.0,0.0,0.0028333333333333,0.0
114,1570946100.0,0.0,0.0,0.0028333333333333,0.0
115,1570946160.0,0.0,0.0,0.0028333333333333,0.0
116,1570946220.0,0.0,0.0,0.0028333333333333,0.0
117,1570946280.0,0.0,0.0,0.0028333333333333,0.0
118,1570946340.0,0.0,0.0,0.0028333333333333,0.0
119,1570946400.0,0.0,0.0,0.0026666666666666,0.0
120,1570946460.0,0.0,0.0,0.0026666666666666,0.0
121,1570946520.0,0.0,0.0,0.0026666666666666,0.0
122,1570946580.0,0.0,0.0,0.0026666666666666,0.0
123,1570946640.0,0.0,0.0,0.0026666666666666,0.0
124,1570946700.0,0.0,0.0,0.0026666666666666,0.0
125,1570946760.0,0.0,0.0,0.0026666666666666,0.0
126,1570946820.0,0.0,0.0,0.0026666666666666,0.0
127,1570946880.0,0.0,0.0,0.0026666666666666,0.0
128,1570946940.0,0.0,0.0,0.0026666666666666,0.0
129,1570947000.0,0.008264999999999998,0.0,0.0026666666666666,0.0
130,1570947060.0,0.02204,0.0,0.0026666666666666,0.0
131,1570947120.0,0.041324999999999994,0.0,0.0026666666666666,0.0
132,1570947180.0,0.04958999999999999,0.0,0.0026666666666666,0.0
133,1570947240.0,0.05509999999999999,0.0,0.0026666666666666,0.0
134,1570947300.0,0.05785499999999999,0.0,0.0026666666666666,0.0
135,1570947360.0,0.06336499999999999,0.0,0.0026666666666666,0.0
136,1570947420.0,0.07912932593003949,0.0,0.0026666666666666,0.0
137,1570947480.0,0.07912932593003949,0.0,0.0026666666666666,0.0
138,1570947540.0,0.07912932593003949,0.0,0.0026666666666666,0.0
139,1570947600.0,0.08264999999999999,0.0,0.0026666666666666,0.0
140,1570947660.0,0.08264999999999999,0.0,0.0026666666666666,0.0
141,1570947720.0,0.08264999999999999,0.0,0.0026666666666666,0.0
142,1570947780.0,0.08264999999999999,0.0,0.0026666666666666,0.0
143,1570947840.0,0.08540499999999998,0.0,0.0026666666666666,0.0
144,1570947900.0,0.09367,0.0,0.0026666666666666,0.0
145,1570947960.0,0.10744499999999997,0.0,0.0026666666666666,0.0
146,1570948020.0,0.12121999999999993,0.0,0.0026666666666666,0.0
147,1570948080.0,0.12397499999999993,0.0,0.0026666666666666,0.0
148,1570948140.0,0.1267299999999999,0.0,0.0026666666666666,0.0
149,1570948200.0,0.14325999999999992,0.0,0.0026666666666666,0.0
150,1570948260.0,0.14876999999999993,0.0,0.0026666666666666,0.0
151,1570948320.0,0.16529999999999986,0.0,0.0026666666666666,0.0
152,1570948380.0,0.16529999999999986,0.0,0.0026666666666666,0.0
153,1570948440.0,0.16529999999999986,0.0,0.0026666666666666,0.0
154,1570948500.0,0.16529999999999986,0.0,0.0026666666666666,0.0
155,1570948560.0,0.16529999999999986,0.0,0.0026666666666666,0.0
156,1570948620.0,0.17080999999999988,0.0,0.0026666666666666,0.0
157,1570948680.0,0.17356499999999989,0.0,0.0026666666666666,0.0
158,1570948740.0,0.17907499999999987,0.0,0.0026666666666666,0.0
159,1570948800.0,0.18182999999999985,0.0,0.0026666666666666,0.0
160,1570948860.0,0.19560499999999986,0.0,0.0026666666666666,0.0
161,1570948920.0,0.20937999999999993,0.0,0.0026666666666666,0.0
162,1570948980.0,0.21213499999999988,0.0,0.0026666666666666,0.0
163,1570949040.0,0.22315499999999988,0.0,0.0026666666666666,0.0
164,1570949100.0,0.24794999999999986,0.0,0.0026666666666666,0.0
165,1570949160.0,0.24794999999999986,0.0,0.0026666666666666,0.0
166,1570949220.0,0.24794999999999986,0.0,0.0026666666666666,0.0
167,1570949280.0,0.24794999999999986,0.0,0.0026666666666666,0.0
168,1570949340.0,0.24794999999999986,0.0,0.0026666666666666,0.0
169,1570949400.0,0.24794999999999986,0.0,0.0026666666666666,0.0
170,1570949460.0,0.24794999999999986,0.0,0.0026666666666666,0.0
171,1570949520.0,0.25070499999999984,0.0,0.0026666666666666,0.0
172,1570949580.0,0.2644799999999998,0.0,0.0026666666666666,0.0
173,1570949640.0,0.27825499999999986,0.0,0.0026666666666666,0.0
174,1570949700.0,0.2837649999999998,0.0,0.0026666666666666,0.0
175,1570949760.0,0.2947849999999998,0.0,0.0026666666666666,0.0
176,1570949820.0,0.2975399999999998,0.0,0.0026666666666666,0.0
177,1570949880.0,0.32233499999999976,0.0,0.0026666666666666,0.0
178,1570949940.0,0.32508999999999977,0.0,0.0026666666666666,0.0
179,1570950000.0,0.3305999999999998,0.0,0.0028333333333333,0.0
180,1570950060.0,0.3305999999999998,0.0,0.0028333333333333,0.0
181,1570950120.0,0.3305999999999998,0.0,0.0028333333333333,0.0
182,1570950180.0,0.3305999999999998,0.0,0.0028333333333333,0.0
183,1570950240.0,0.3305999999999998,0.0,0.0028333333333333,0.0
184,1570950300.0,0.3305999999999998,0.0,0.0028333333333333,0.0
185,1570950360.0,0.3305999999999998,0.0,0.0028333333333333,0.0
186,1570950420.0,0.3305999999999998,0.0,0.0028333333333333,0.0
187,1570950480.0,0.3305999999999998,0.0,0.0028333333333333,0.0
188,1570950540.0,0.3636599999999997,0.0,0.0028333333333333,0.0
189,1570950600.0,0.3664149999999997,0.0,0.0028333333333333,0.0
190,1570950660.0,0.3856999999999997,0.0,0.0028333333333333,0.0
191,1570950720.0,0.3884549999999997,0.0,0.0028333333333333,0.0
192,1570950780.0,0.3910693076883783,0.0,0.0028333333333333,0.0
193,1570950840.0,0.39277538075675983,0.0,0.0028333333333333,0.0
194,1570950900.0,0.3976040419671929,0.0,0.0028333333333333,0.0
195,1570950960.0,0.40098500794837405,0.0,0.0028333333333333,0.0
196,1570951020.0,0.40098500794837405,0.0,0.0028333333333333,0.0
197,1570951080.0,0.4011775519852967,0.0,0.0028333333333333,0.0
198,1570951140.0,0.4011775519852967,0.0,0.0028333333333333,0.0
199,1570951200.0,0.40184955086218893,0.0,0.0028333333333333,0.0
200,1570951260.0,0.40184955086218893,0.0,0.0028333333333333,0.0
201,1570951320.0,0.40184955086218893,0.0,0.0028333333333333,0.0
202,1570951380.0,0.40245512050803783,0.0,0.0028333333333333,0.0
203,1570951440.0,0.40245512050803783,0.0,0.0028333333333333,0.0
204,1570951500.0,0.4032083620224316,0.0,0.0028333333333333,0.0
205,1570951560.0,0.4043719163298622,0.0,0.0028333333333333,0.0
206,1570951620.0,0.4043719163298622,0.0,0.0028333333333333,0.0
207,1570951680.0,0.40496133698103265,0.0,0.0028333333333333,0.0
208,1570951740.0,0.4056787268093853,0.0,0.0028333333333333,0.0
209,1570951800.0,0.40650848714564136,0.0,0.0028333333333333,0.0
210,1570951860.0,0.4066336458333331,0.0,0.0028333333333333,0.0
211,1570951920.0,0.4066336458333331,0.0,0.0028333333333333,0.0
212,1570951980.0,0.4066336458333331,0.0,0.0028333333333333,0.0
213,1570952040.0,0.4066336458333331,0.0,0.0028333333333333,0.0
214,1570952100.0,0.4066336458333331,0.0,0.0028333333333333,0.0
215,1570952160.0,0.4066336458333331,0.0,0.0028333333333333,0.0
216,1570952220.0,0.4066336458333331,0.0,0.0028333333333333,0.0
217,1570952280.0,0.4066336458333331,0.0,0.0028333333333333,0.0
218,1570952340.0,0.4066336458333331,0.0,0.0028333333333333,0.0
219,1570952400.0,0.39729360932937324,0.0,0.0028333333333333,0.0
220,1570952460.0,0.39729360932937324,0.0,0.0028333333333333,0.0
221,1570952520.0,0.3984083153788181,0.0,0.0028333333333333,0.0
222,1570952580.0,0.4003555179554921,0.0,0.0028333333333333,0.0
223,1570952640.0,0.4014603357447902,0.0,0.0028333333333333,0.0
224,1570952700.0,0.4014603357447902,0.0,0.0028333333333333,0.0
225,1570952760.0,0.40246773064094127,0.0,0.0028333333333333,0.0
226,1570952820.0,0.4038114384221761,0.0,0.0028333333333333,0.0
227,1570952880.0,0.4038114384221761,0.0,0.0028333333333333,0.0
228,1570952940.0,0.4047514851516646,0.0,0.0028333333333333,0.0
229,1570953000.0,0.4047514851516646,0.0,0.0028333333333333,0.0
230,1570953060.0,0.40564771406243133,0.0,0.0028333333333333,0.0
231,1570953120.0,0.40564771406243133,0.0,0.0028333333333333,0.0
232,1570953180.0,0.4066336458333331,0.0,0.0028333333333333,0.0
233,1570953240.0,0.4066336458333331,0.0,0.0028333333333333,0.0
234,1570953300.0,0.4066336458333331,0.0,0.0028333333333333,0.0
235,1570953360.0,0.4066336458333331,0.0,0.0028333333333333,0.0
236,1570953420.0,0.4066336458333331,0.0,0.0028333333333333,0.0
237,1570953480.0,0.4066336458333331,0.0,0.0028333333333333,0.0
238,1570953540.0,0.4066336458333331,0.0,0.0028333333333333,0.0
239,1570953600.0,0.4066336458333331,0.0,0.0026666666666666,0.0
240,1570953660.0,0.4066336458333331,0.0,0.0026666666666666,0.0
241,1570953720.0,0.4066336458333331,0.0,0.0026666666666666,0.0
242,1570953780.0,0.4066336458333331,0.0,0.0026666666666666,0.0
243,1570953840.0,0.4066336458333331,0.0,0.0026666666666666,0.0
244,1570953900.0,0.4066336458333331,0.0,0.0026666666666666,0.0
245,1570953960.0,0.4066336458333331,0.0,0.0026666666666666,0.0
246,1570954020.0,0.4066336458333331,0.0,0.0026666666666666,0.0
247,1570954080.0,0.4066336458333331,0.0,0.0026666666666666,0.0
248,1570954140.0,0.4066336458333331,0.0,0.0026666666666666,0.0
249,1570954200.0,0.4066336458333331,0.0,0.0026666666666666,0.0
250,1570954260.0,0.4066336458333331,0.0,0.0026666666666666,0.0
251,1570954320.0,0.4066336458333331,0.0,0.0026666666666666,0.0
252,1570954380.0,0.4066336458333331,0.0,0.0026666666666666,0.0
253,1570954440.0,0.4066336458333331,0.0,0.0026666666666666,0.0
254,1570954500.0,0.4066336458333331,0.0,0.0026666666666666,0.0
255,1570954560.0,0.4066336458333331,0.0,0.0026666666666666,0.0
256,1570954620.0,0.4065424177631576,0.0,0.0026666666666666,0.0
257,1570954680.0,0.40419728959901735,0.0,0.0026666666666666,0.0
258,1570954740.0,0.40279629658429966,0.0,0.0026666666666666,0.0
259,1570954800.0,0.4010513361196828,0.0,0.0026666666666666,0.0
260,1570954860.0,0.3959794790595801,0.0,0.0026666666666666,0.0
261,1570954920.0,0.39589028633317086,0.0,0.0026666666666666,0.0
262,1570954980.0,0.39539718500088517,0.0,0.0026666666666666,0.0
263,1570955040.0,0.3922057386897235,0.0,0.0026666666666666,0.0
264,1570955100.0,0.3891326448068615,0.0,0.0026666666666666,0.0
265,1570955160.0,0.38870642087402785,0.0,0.0026666666666666,0.0
266,1570955220.0,0.38618190339415803,0.0,0.0026666666666666,0.0
267,1570955280.0,0.3856795492386266,0.0,0.0026666666666666,0.0
268,1570955340.0,0.38192960595709324,0.0,0.0026666666666666,0.0
269,1570955400.0,0.38144000313391624,0.0,0.0026666666666666,0.0
270,1570955460.0,0.3794876016128984,0.0,0.0026666666666666,0.0
271,1570955520.0,0.37925428143655937,0.0,0.0026666666666666,0.0
272,1570955580.0,0.376925622387517,0.0,0.0026666666666666,0.0
273,1570955640.0,0.37373591060840844,0.0,0.0026666666666666,0.0
274,1570955700.0,0.3726624727404642,0.0,0.0026666666666666,0.0
275,1570955760.0,0.372309979152311,0.0,0.0026666666666666,0.0
276,1570955820.0,0.3669420988284125,0.0,0.0026666666666666,0.0
277,1570955880.0,0.3656952346269084,0.0,0.0026666666666666,0.0
278,1570955940.0,0.36357337012382196,0.0,0.0026666666666666,0.0
279,1570956000.0,0.3613972459095558,0.0,0.0026666666666666,0.0
280,1570956060.0,0.3596176359186531,0.0,0.0026666666666666,0.0
281,1570956120.0,0.3591673938172326,0.0,0.0026666666666666,0.0
282,1570956180.0,0.35871502498929614,0.0,0.0026666666666666,0.0
283,1570956240.0,0.3582605340766397,0.0,0.0026666666666666,0.0
284,1570956300.0,0.35130447679568133,0.0,0.0026666666666666,0.0
285,1570956360.0,0.3509941160615406,0.0,0.0026666666666666,0.0
286,1570956420.0,0.349857904474925,0.0,0.0026666666666666,0.0
287,1570956480.0,0.348942856359648,0.0,0.0026666666666666,0.0
288,1570956540.0,0.3482112774122795,0.0,0.0026666666666666,0.0
289,1570956600.0,0.3445533826754369,0.0,0.0026666666666666,0.0
290,1570956660.0,0.33943233004385726,0.0,0.0026666666666666,0.0
291,1570956720.0,0.33870075109648873,0.0,0.0026666666666666,0.0
292,1570956780.0,0.3372375932017517,0.0,0.0026666666666666,0.0
293,1570956840.0,0.3357744353070147,0.0,0.0026666666666666,0.0
294,1570956900.0,0.33504285635964615,0.0,0.0026666666666666,0.0
295,1570956960.0,0.3343112774122776,0.0,0.0026666666666666,0.0
296,1570957020.0,0.33138496162280356,0.0,0.0026666666666666,0.0
297,1570957080.0,0.33065338267543504,0.0,0.0026666666666666,0.0
298,1570957140.0,0.329190224780698,0.0,0.0026666666666666,0.0
299,1570957200.0,0.32699548793859246,0.0,0.0026666666666666,0.0
300,1570957260.0,0.3233375932017498,0.0,0.0026666666666666,0.0
301,1570957320.0,0.32260601425438135,0.0,0.0026666666666666,0.0
302,1570957380.0,0.32041127741227576,0.0,0.0026666666666666,0.0
303,1570957440.0,0.31675338267543385,0.0,0.0026666666666666,0.0
304,1570957500.0,0.30353369903151767,0.0,0.0026666666666666,0.0
305,1570957560.0,0.3031377968314827,0.0,0.0026666666666666,0.0
306,1570957620.0,0.30114437112613823,0.0,0.0026666666666666,0.0
307,1570957680.0,0.300742930861074,0.0,0.0026666666666666,0.0
308,1570957740.0,0.2999373272761834,0.0,0.0026666666666666,0.0
309,1570957800.0,0.2979076232154255,0.0,0.0026666666666666,0.0
310,1570957860.0,0.2966792024147294,0.0,0.0026666666666666,0.0
311,1570957920.0,0.29585590830215336,0.0,0.0026666666666666,0.0
312,1570957980.0,0.29461453060670406,0.0,0.0026666666666666,0.0
313,1570958040.0,0.29294752338298985,0.0,0.0026666666666666,0.0
314,1570958100.0,0.2904222051405767,0.0,0.0026666666666666,0.0
315,1570958160.0,0.28914863682469993,0.0,0.0026666666666666,0.0
316,1570958220.0,0.28743949956157183,0.0,0.0026666666666666,0.0
317,1570958280.0,0.2857179996757433,0.0,0.0026666666666666,0.0
318,1570958340.0,0.2844189352028005,0.0,0.0026666666666666,0.0
319,1570958400.0,0.28354917966387183,0.0,0.0026666666666666,0.0
320,1570958460.0,0.28311320185839056,0.0,0.0026666666666666,0.0
321,1570958520.0,0.2826764968271133,0.0,0.0026666666666666,0.0
322,1570958580.0,0.27959958837796756,0.0,0.0026666666666666,0.0
323,1570958640.0,0.2786032159104802,0.0,0.0026666666666666,0.0
324,1570958700.0,0.27470436753934746,0.0,0.0026666666666666,0.0
325,1570958760.0,0.2742681831301985,0.0,0.0026666666666666,0.0
326,1570958820.0,0.2720786424376121,0.0,0.0026666666666666,0.0
327,1570958880.0,0.2716390405395551,0.0,0.0026666666666666,0.0
328,1570958940.0,0.2618352104172181,0.0,0.0026666666666666,0.0
329,1570959000.0,0.260932255716409,0.0,0.0026666666666666,0.0
330,1570959060.0,0.25684726369416694,0.0,0.0026666666666666,0.0
331,1570959120.0,0.2522697607772754,0.0,0.0026666666666666,0.0
332,1570959180.0,0.2505011507545702,0.0,0.0026666666666666,0.0
333,1570959240.0,0.2483721276382331,0.0,0.0026666666666666,0.0
334,1570959300.0,0.24623623460016117,0.0,0.0026666666666666,0.0
335,1570959360.0,0.24445140532808785,0.0,0.0026666666666666,0.0
336,1570959420.0,0.24337848037009152,0.0,0.0026666666666666,0.0
337,1570959480.0,0.23979191290896576,0.0,0.0026666666666666,0.0
338,1570959540.0,0.23943245207261024,0.0,0.0026666666666666,0.0
339,1570959600.0,0.2383532523388499,0.0,0.0026666666666666,0.0
340,1570959660.0,0.23799325383895298,0.0,0.0026666666666666,0.0
341,1570959720.0,0.23691249264548697,0.0,0.0026666666666666,0.0
342,1570959780.0,0.23655199084997794,0.0,0.0026666666666666,0.0
343,1570959840.0,0.23438652609335825,0.0,0.0026666666666666,0.0
344,1570959900.0,0.23402522641929036,0.0,0.0026666666666666,0.0
345,1570959960.0,0.2311312176629264,0.0,0.0026666666666666,0.0
346,1570960020.0,0.22598724225410372,0.0,0.0026666666666666,0.0
347,1570960080.0,0.22565006817717703,0.0,0.0026666666666666,0.0
348,1570960140.0,0.22362597874307175,0.0,0.0026666666666666,0.0
349,1570960200.0,0.22193800695567314,0.0,0.0026666666666666,0.0
350,1570960260.0,0.22126254302756176,0.0,0.0026666666666666,0.0
351,1570960320.0,0.22092475710666087,0.0,0.0026666666666666,0.0
352,1570960380.0,0.22058693688749764,0.0,0.0026666666666666,0.0
353,1570960440.0,0.22024908362498785,0.0,0.0026666666666666,0.0
354,1570960500.0,0.2145017391202115,0.0,0.0026666666666666,0.0
355,1570960560.0,0.21382526328796772,0.0,0.0026666666666666,0.0
356,1570960620.0,0.21213395700615614,0.0,0.0026666666666666,0.0
357,1570960680.0,0.2117956857943375,0.0,0.0026666666666666,0.0
358,1570960740.0,0.2101043490483354,0.0,0.0026666666666666,0.0
359,1570960800.0,0.2077367602523215,0.0,0.0025,0.0
360,1570960860.0,0.0,0.0,0.0025,0.0
361,1570960920.0,0.0,0.0,0.0025,0.0
362,1570960980.0,0.0,0.0,0.0025,0.0
363,1570961040.0,0.0,0.0,0.0025,0.0
364,1570961100.0,0.0,0.0,0.0025,0.0
365,1570961160.0,0.0,0.0,0.0025,0.0
366,1570961220.0,0.0,0.0,0.0025,0.0
367,1570961280.0,0.0,0.0,0.0025,0.0
368,1570961340.0,0.0,0.0,0.0025,0.0
369,1570961400.0,0.0,0.0,0.0025,0.0
370,1570961460.0,0.0,0.0,0.0025,0.0
371,1570961520.0,0.0,0.0,0.0025,0.0
372,1570961580.0,0.0,0.0,0.0025,0.0
373,1570961640.0,0.0,0.0,0.0025,0.0
374,1570961700.0,0.0,0.0,0.0025,0.0
375,1570961760.0,0.0,0.0,0.0025,0.0
376,1570961820.0,0.0,0.0,0.0025,0.0
377,1570961880.0,0.0,0.0,0.0025,0.0
378,1570961940.0,0.0,0.0,0.0025,0.0
379,1570962000.0,0.0,0.0,0.0025,0.0
380,1570962060.0,0.0,0.0,0.0025,0.0
381,1570962120.0,0.0,0.0,0.0025,0.0
382,1570962180.0,0.0,0.0,0.0025,0.0
383,1570962240.0,0.0,0.0,0.0025,0.0
384,1570962300.0,0.0,0.0,0.0025,0.0
385,1570962360.0,0.0,0.0,0.0025,0.0
386,1570962420.0,0.0,0.0,0.0025,0.0
387,1570962480.0,0.0,0.0,0.0025,0.0
388,1570962540.0,0.0,0.0,0.0025,0.0
389,1570962600.0,0.0,0.0,0.0025,0.0
390,1570962660.0,0.0,0.0,0.0025,0.0
391,1570962720.0,0.0,0.0,0.0025,0.0
392,1570962780.0,0.0,0.0,0.0025,0.0
393,1570962840.0,0.0,0.0,0.0025,0.0
394,1570962900.0,0.0,0.0,0.0025,0.0
395,1570962960.0,0.0,0.0,0.0025,0.0
396,1570963020.0,0.0,0.0,0.0025,0.0
397,1570963080.0,0.0,0.0,0.0025,0.0
398,1570963140.0,0.0,0.0,0.0025,0.0
399,1570963200.0,0.0,0.0,0.0025,0.0
400,1570963260.0,0.0,0.0,0.0025,0.0
401,1570963320.0,0.0,0.0,0.0025,0.0
402,1570963380.0,0.0,0.0,0.0025,0.0
403,1570963440.0,0.0,0.0,0.0025,0.0
404,1570963500.0,0.0,0.0,0.0025,0.0
405,1570963560.0,0.0,0.0,0.0025,0.0
406,1570963620.0,0.0,0.0,0.0025,0.0
407,1570963680.0,0.0,0.0,0.0025,0.0
408,1570963740.0,0.0,0.0,0.0025,0.0
409,1570963800.0,0.0,0.0,0.0025,0.0
410,1570963860.0,0.0,0.0,0.0025,0.0
411,1570963920.0,0.0,0.0,0.0025,0.0
412,1570963980.0,0.0,0.0,0.0025,0.0
413,1570964040.0,0.0,0.0,0.0025,0.0
414,1570964100.0,0.0,0.0,0.0025,0.0
415,1570964160.0,0.0,0.0,0.0025,0.0
416,1570964220.0,0.0,0.0,0.0025,0.0
417,1570964280.0,0.0,0.0,0.0025,0.0
418,1570964340.0,0.0,0.0,0.0025,0.0
419,1570964400.0,0.0,0.0,0.0023333333333333,0.0016666666666666
420,1570964460.0,0.0,0.0,0.0023333333333333,0.0016666666666666
421,1570964520.0,0.0,0.0,0.0023333333333333,0.0016666666666666
422,1570964580.0,0.0,0.0,0.0023333333333333,0.0016666666666666
423,1570964640.0,0.0,0.0,0.0023333333333333,0.0016666666666666
424,1570964700.0,0.0,0.0,0.0023333333333333,0.0015416666666666
425,1570964760.0,0.0,0.0,0.0023333333333333,0.0015416666666666
426,1570964820.0,0.0,0.0,0.0023333333333333,0.0015416666666666
427,1570964880.0,0.0,0.0,0.0023333333333333,0.0015416666666666
428,1570964940.0,0.0,0.0,0.0023333333333333,0.0015416666666666
429,1570965000.0,0.0,0.0,0.0023333333333333,0.0025416666666666
430,1570965060.0,0.0,0.0,0.0023333333333333,0.0025416666666666
431,1570965120.0,0.0,0.0,0.0023333333333333,0.0025416666666666
432,1570965180.0,0.0,0.0,0.0023333333333333,0.0025416666666666
433,1570965240.0,0.0,0.0,0.0023333333333333,0.0025416666666666
434,1570965300.0,0.0,0.0,0.0023333333333333,0.0037916666666666
435,1570965360.0,0.0,0.0,0.0023333333333333,0.0037916666666666
436,1570965420.0,0.0,0.0,0.0023333333333333,0.0037916666666666
437,1570965480.0,0.0,0.0,0.0023333333333333,0.0037916666666666
438,1570965540.0,0.0,0.0,0.0023333333333333,0.0037916666666666
439,1570965600.0,0.0,0.0,0.0023333333333333,0.0061666666666666
440,1570965660.0,0.0,0.0,0.0023333333333333,0.0061666666666666
441,1570965720.0,0.0,0.0,0.0023333333333333,0.0061666666666666
442,1570965780.0,0.0,0.0,0.0023333333333333,0.0061666666666666
443,1570965840.0,0.0,0.0,0.0023333333333333,0.0061666666666666
444,1570965900.0,0.0,0.0,0.0023333333333333,0.0101249999999999
445,1570965960.0,0.0,0.0,0.0023333333333333,0.0101249999999999
446,1570966020.0,0.0,0.0,0.0023333333333333,0.0101249999999999
447,1570966080.0,0.0,0.0,0.0023333333333333,0.0101249999999999
448,1570966140.0,0.0,0.0,0.0023333333333333,0.0101249999999999
449,1570966200.0,0.0,0.0,0.0023333333333333,0.0143333333333333
450,1570966260.0,0.0,0.0,0.0023333333333333,0.0143333333333333
451,1570966320.0,0.0,0.0,0.0023333333333333,0.0143333333333333
452,1570966380.0,0.0,0.0,0.0023333333333333,0.0143333333333333
453,1570966440.0,0.0,0.0,0.0023333333333333,0.0143333333333333
454,1570966500.0,0.0,0.0,0.0023333333333333,0.02225
455,1570966560.0,0.0,0.0,0.0023333333333333,0.02225
456,1570966620.0,0.0,0.0,0.0023333333333333,0.02225
457,1570966680.0,0.0,0.0,0.0023333333333333,0.02225
458,1570966740.0,0.0,0.0,0.0023333333333333,0.02225
459,1570966800.0,0.0,0.0,0.0023333333333333,0.0288333333333333
460,1570966860.0,0.0,0.0,0.0023333333333333,0.0288333333333333
461,1570966920.0,0.0,0.0,0.0023333333333333,0.0288333333333333
462,1570966980.0,0.0,0.0,0.0023333333333333,0.0288333333333333
463,1570967040.0,0.0,0.0,0.0023333333333333,0.0288333333333333
464,1570967100.0,0.0,0.0,0.0023333333333333,0.0337916666666666
465,1570967160.0,0.0,0.0,0.0023333333333333,0.0337916666666666
466,1570967220.0,0.0,0.0,0.0023333333333333,0.0337916666666666
467,1570967280.0,0.0,0.0,0.0023333333333333,0.0337916666666666
468,1570967340.0,0.0,0.0,0.0023333333333333,0.0337916666666666
469,1570967400.0,0.0,0.0,0.0023333333333333,0.040125
470,1570967460.0,0.0,0.0,0.0023333333333333,0.040125
471,1570967520.0,0.0,0.0,0.0023333333333333,0.040125
472,1570967580.0,0.0,0.0,0.0023333333333333,0.040125
473,1570967640.0,0.0,0.0,0.0023333333333333,0.040125
474,1570967700.0,0.0,0.0,0.0023333333333333,0.0454583333333333
475,1570967760.0,0.0,0.0,0.0023333333333333,0.0454583333333333
476,1570967820.0,0.0,0.0,0.0023333333333333,0.0454583333333333
477,1570967880.0,0.0,0.0,0.0023333333333333,0.0454583333333333
478,1570967940.0,0.0,0.0,0.0023333333333333,0.0454583333333333
479,1570968000.0,0.0,0.0,0.0118333333333333,0.051
480,1570968060.0,0.0,0.0,0.0118333333333333,0.051
481,1570968120.0,0.0,0.0,0.0118333333333333,0.051
482,1570968180.0,0.0,0.0,0.0118333333333333,0.051
483,1570968240.0,0.0,0.0,0.0118333333333333,0.051
484,1570968300.0,0.0,0.0,0.0118333333333333,0.0581249999999999
485,1570968360.0,0.0,0.0,0.0118333333333333,0.0581249999999999
486,1570968420.0,0.0,0.0,0.0118333333333333,0.0581249999999999
487,1570968480.0,0.0,0.0,0.0118333333333333,0.0581249999999999
488,1570968540.0,0.0,0.0,0.0118333333333333,0.0581249999999999
489,1570968600.0,0.0,0.0,0.0118333333333333,0.063875
490,1570968660.0,0.0,0.0,0.0118333333333333,0.063875
491,1570968720.0,0.0,0.0,0.0118333333333333,0.063875
492,1570968780.0,0.0,0.0,0.0118333333333333,0.063875
493,1570968840.0,0.0,0.0,0.0118333333333333,0.063875
494,1570968900.0,0.0,0.0,0.0118333333333333,0.0692916666666666
495,1570968960.0,0.0,0.0,0.0118333333333333,0.0692916666666666
496,1570969020.0,0.0,0.0,0.0118333333333333,0.0692916666666666
497,1570969080.0,0.0,0.0,0.0118333333333333,0.0692916666666666
498,1570969140.0,0.018487685743930803,0.0,0.0118333333333333,0.0692916666666666
499,1570969200.0,0.023810861078146672,0.0,0.0118333333333333,0.074625
500,1570969260.0,0.02474335147198614,0.0,0.0118333333333333,0.074625
501,1570969320.0,0.03233071796313862,0.0,0.0118333333333333,0.074625
502,1570969380.0,0.04247120245544719,0.0,0.0118333333333333,0.074625
503,1570969440.0,0.054795476580797205,0.0,0.0118333333333333,0.074625
504,1570969500.0,0.05616980959544957,0.0,0.0118333333333333,0.0798333333333333
505,1570969560.0,0.06310688035759368,0.0,0.0118333333333333,0.0798333333333333
506,1570969620.0,0.06592793218127092,0.0,0.0118333333333333,0.0798333333333333
507,1570969680.0,0.06592793218127092,0.0,0.0118333333333333,0.0798333333333333
508,1570969740.0,0.06592793218127092,0.0,0.0118333333333333,0.0798333333333333
509,1570969800.0,0.06897006235456928,0.0,0.0118333333333333,0.0850833333333333
510,1570969860.0,0.06897006235456928,0.0,0.0118333333333333,0.0850833333333333
511,1570969920.0,0.07177438084326196,0.0,0.0118333333333333,0.0850833333333333
512,1570969980.0,0.0745285344500163,0.0,0.0118333333333333,0.0850833333333333
513,1570970040.0,0.0745285344500163,0.0,0.0118333333333333,0.0850833333333333
514,1570970100.0,0.0745285344500163,0.0,0.0118333333333333,0.0923749999999999
515,1570970160.0,0.0745285344500163,0.0,0.0118333333333333,0.0923749999999999
516,1570970220.0,0.09917999999999996,0.0,0.0118333333333333,0.0923749999999999
517,1570970280.0,0.1322399999999999,0.0,0.0118333333333333,0.0923749999999999
518,1570970340.0,0.14050499999999994,0.0,0.0118333333333333,0.0923749999999999
519,1570970400.0,0.15152499999999994,0.0,0.0118333333333333,0.0988333333333333
520,1570970460.0,0.1570349999999999,0.0,0.0118333333333333,0.0988333333333333
521,1570970520.0,0.16529999999999986,0.0,0.0118333333333333,0.0988333333333333
522,1570970580.0,0.16529999999999986,0.0,0.0118333333333333,0.0988333333333333
523,1570970640.0,0.16529999999999986,0.0,0.0118333333333333,0.0988333333333333
524,1570970700.0,0.16529999999999986,0.0,0.0118333333333333,0.104375
525,1570970760.0,0.16529999999999986,0.0,0.0118333333333333,0.104375
526,1570970820.0,0.16529999999999986,0.0,0.0118333333333333,0.104375
527,1570970880.0,0.16529999999999986,0.0,0.0118333333333333,0.104375
528,1570970940.0,0.16529999999999986,0.0,0.0118333333333333,0.104375
529,1570971000.0,0.16529999999999986,0.0,0.0118333333333333,0.109375
530,1570971060.0,0.16529999999999986,0.0,0.0118333333333333,0.109375
531,1570971120.0,0.16529999999999986,0.0,0.0118333333333333,0.109375
532,1570971180.0,0.16529999999999986,0.0,0.0118333333333333,0.109375
533,1570971240.0,0.16805499999999987,0.0,0.0118333333333333,0.109375
534,1570971300.0,0.19835999999999987,0.0,0.0118333333333333,0.1144583333333333
535,1570971360.0,0.20111499999999988,0.0,0.0118333333333333,0.1144583333333333
536,1570971420.0,0.20386999999999988,0.0,0.0118333333333333,0.1144583333333333
537,1570971480.0,0.22590999999999992,0.0,0.0118333333333333,0.1144583333333333
538,1570971540.0,0.23141999999999993,0.0,0.0118333333333333,0.1144583333333333
539,1570971600.0,0.23417499999999997,0.2754999999999999,0.0041666666666666,0.1197083333333333
540,1570971660.0,0.23968499999999993,0.5509999999999999,0.0041666666666666,0.1197083333333333
541,1570971720.0,0.2469119413540765,0.8264999999999998,0.0041666666666666,0.1197083333333333
542,1570971780.0,0.2469119413540765,1.102,0.0041666666666666,0.1197083333333333
543,1570971840.0,0.24686742350687207,1.3775,0.0041666666666666,0.1197083333333333
544,1570971900.0,0.24686742350687207,1.6529999999999998,0.0041666666666666,0.1246666666666666
545,1570971960.0,0.2466473125012342,1.9285,0.0041666666666666,0.1246666666666666
546,1570972020.0,0.2466473125012342,2.204,0.0041666666666666,0.1246666666666666
547,1570972080.0,0.2464455036187,2.4795,0.0041666666666666,0.1246666666666666
548,1570972140.0,0.2464455036187,2.755,0.0041666666666666,0.1246666666666666
549,1570972200.0,0.24642500536847314,3.0305,0.0041666666666666,0.1294583333333333
550,1570972260.0,0.2534599999999998,3.306,0.0041666666666666,0.1294583333333333
551,1570972320.0,0.2672349999999999,3.5815,0.0041666666666666,0.1294583333333333
552,1570972380.0,0.28100999999999987,3.857,0.0041666666666666,0.1294583333333333
553,1570972440.0,0.30029499999999976,4.132499999999999,0.0041666666666666,0.1294583333333333
554,1570972500.0,0.31131499999999973,4.408,0.0041666666666666,0.1342083333333333
555,1570972560.0,0.31406999999999974,4.6835,0.0041666666666666,0.1342083333333333
556,1570972620.0,0.3305999999999998,4.958999999999999,0.0041666666666666,0.1342083333333333
557,1570972680.0,0.3305999999999998,5.234499999999999,0.0041666666666666,0.1342083333333333
558,1570972740.0,0.3305999999999998,5.509999999999999,0.0041666666666666,0.1342083333333333
559,1570972800.0,0.3305999999999998,5.785499999999999,0.0041666666666666,0.138625
560,1570972860.0,0.3305999999999998,6.060999999999999,0.0041666666666666,0.138625
561,1570972920.0,0.3305999999999998,6.336499999999999,0.0041666666666666,0.138625
562,1570972980.0,0.3305999999999998,6.611999999999999,0.0041666666666666,0.138625
563,1570973040.0,0.3305999999999998,6.887499999999999,0.0041666666666666,0.138625
564,1570973100.0,0.3305999999999998,7.162999999999999,0.0041666666666666,0.1430416666666666
565,1570973160.0,0.33335499999999985,7.438499999999999,0.0041666666666666,0.1430416666666666
566,1570973220.0,0.33610999999999974,7.713999999999999,0.0041666666666666,0.1430416666666666
567,1570973280.0,0.3416199999999997,7.9895,0.0041666666666666,0.1430416666666666
568,1570973340.0,0.35148000681520086,8.264999999999999,0.0041666666666666,0.1430416666666666
569,1570973400.0,0.35828349550401384,8.264999999999999,0.0041666666666666,0.1475416666666666
570,1570973460.0,0.3648404669165127,8.264999999999999,0.0041666666666666,0.1475416666666666
571,1570973520.0,0.38197539839447303,8.264999999999999,0.0041666666666666,0.1475416666666666
572,1570973580.0,0.38197539839447303,8.264999999999999,0.0041666666666666,0.1475416666666666
573,1570973640.0,0.38297985050120104,8.264999999999999,0.0041666666666666,0.1475416666666666
574,1570973700.0,0.38318838615716977,8.264999999999999,0.0041666666666666,0.15225
575,1570973760.0,0.38391663989880426,8.264999999999999,0.0041666666666666,0.15225
576,1570973820.0,0.384573509463342,8.264999999999999,0.0041666666666666,0.15225
577,1570973880.0,0.384573509463342,8.264999999999999,0.0041666666666666,0.15225
578,1570973940.0,0.38539139589750093,8.264999999999999,0.0041666666666666,0.15225
579,1570974000.0,0.3859633364590315,8.264999999999999,0.0041666666666666,0.1559166666666666
580,1570974060.0,0.38665673179847176,8.264999999999999,0.0041666666666666,0.1559166666666666
581,1570974120.0,0.38808086232237504,8.264999999999999,0.0041666666666666,0.1559166666666666
582,1570974180.0,0.3889869187551537,8.264999999999999,0.0041666666666666,0.1559166666666666
583,1570974240.0,0.3889869187551537,8.264999999999999,0.0041666666666666,0.1559166666666666
584,1570974300.0,0.3927257120736606,8.264999999999999,0.0041666666666666,0.1598333333333333
585,1570974360.0,0.3941304233378243,8.264999999999999,0.0041666666666666,0.1598333333333333
586,1570974420.0,0.39486196963289233,8.264999999999999,0.0041666666666666,0.1598333333333333
587,1570974480.0,0.39486196963289233,8.264999999999999,0.0041666666666666,0.1598333333333333
588,1570974540.0,0.39486196963289233,8.264999999999999,0.0041666666666666,0.1598333333333333
589,1570974600.0,0.3957056522495009,8.264999999999999,0.0041666666666666,0.1634166666666666
590,1570974660.0,0.3957056522495009,8.264999999999999,0.0041666666666666,0.1634166666666666
591,1570974720.0,0.3850528868412876,8.264999999999999,0.0041666666666666,0.1634166666666666
592,1570974780.0,0.3862552963958174,8.264999999999999,0.0041666666666666,0.1634166666666666
593,1570974840.0,0.38746398178294017,8.264999999999999,0.0041666666666666,0.1634166666666666
594,1570974900.0,0.38746398178294017,8.264999999999999,0.0041666666666666,0.1669166666666666
595,1570974960.0,0.3883531321588184,8.264999999999999,0.0041666666666666,0.1669166666666666
596,1570975020.0,0.3895417604496974,8.264999999999999,0.0041666666666666,0.1669166666666666
597,1570975080.0,0.39307431117751634,8.264999999999999,0.0041666666666666,0.1669166666666666
598,1570975140.0,0.39403404093147093,8.264999999999999,0.0041666666666666,0.1669166666666666
599,1570975200.0,0.39403404093147093,8.540499999999998,0.004,0.170625
600,1570975260.0,0.3949965626724894,8.815999999999999,0.004,0.170625
601,1570975320.0,0.39589267141330337,9.091499999999998,0.004,0.170625
602,1570975380.0,0.3964257425127211,9.367,0.004,0.170625
603,1570975440.0,0.40594965764560625,9.642499999999998,0.004,0.170625
604,1570975500.0,0.40594965764560625,9.917999999999996,0.004,0.173875
605,1570975560.0,0.4059330108378802,10.193499999999997,0.004,0.173875
606,1570975620.0,0.4055651406215191,10.468999999999996,0.004,0.173875
607,1570975680.0,0.4052883557811305,10.744499999999997,0.004,0.173875
608,1570975740.0,0.40495584520376754,11.019999999999996,0.004,0.173875
609,1570975800.0,0.40312062935773496,11.295499999999995,0.004,0.177375
610,1570975860.0,0.40312062935773496,11.570999999999994,0.004,0.177375
611,1570975920.0,0.3965730918783901,11.846499999999994,0.004,0.177375
612,1570975980.0,0.3965730918783901,12.121999999999993,0.004,0.177375
613,1570976040.0,0.3965730918783901,12.397499999999994,0.004,0.177375
614,1570976100.0,0.3958520075258882,12.672999999999991,0.004,0.181125
615,1570976160.0,0.39460399923669565,12.948499999999992,0.004,0.181125
616,1570976220.0,0.3945921739078166,13.223999999999991,0.004,0.181125
617,1570976280.0,0.3932432812368641,13.499499999999992,0.004,0.181125
618,1570976340.0,0.39319059387319294,13.774999999999991,0.004,0.181125
619,1570976400.0,0.39162839515713826,14.050499999999992,0.004,0.1845833333333333
620,1570976460.0,0.38779567741000337,14.325999999999992,0.004,0.1845833333333333
621,1570976520.0,0.38771237362912003,14.601499999999993,0.004,0.1845833333333333
622,1570976580.0,0.38161047773581447,14.876999999999992,0.004,0.1845833333333333
623,1570976640.0,0.3812334933789488,15.152499999999993,0.004,0.1845833333333333
624,1570976700.0,0.3787265821353708,15.42799999999999,0.004,0.1865833333333333
625,1570976760.0,0.3782786311978798,15.70349999999999,0.004,0.1865833333333333
626,1570976820.0,0.37667176308313116,15.978999999999989,0.004,0.1865833333333333
627,1570976880.0,0.37466205633048477,16.254499999999986,0.004,0.1865833333333333
628,1570976940.0,0.3723036754250637,16.529999999999987,0.004,0.1865833333333333
629,1570977000.0,0.3704020155815178,16.529999999999987,0.004,0.1892083333333333
630,1570977060.0,0.3683296567881476,16.529999999999987,0.004,0.1892083333333333
631,1570977120.0,0.36812463322282724,16.529999999999987,0.004,0.1892083333333333
632,1570977180.0,0.36618144963542243,16.529999999999987,0.004,0.1892083333333333
633,1570977240.0,0.36449449594005273,16.529999999999987,0.004,0.1892083333333333
634,1570977300.0,0.36422581167945167,16.529999999999987,0.004,0.1935416666666666
635,1570977360.0,0.3632601544235514,16.529999999999987,0.004,0.1935416666666666
636,1570977420.0,0.36296202155360574,16.529999999999987,0.004,0.1935416666666666
637,1570977480.0,0.36205322950675034,16.529999999999987,0.004,0.1935416666666666
638,1570977540.0,0.36174550613138323,16.529999999999987,0.004,0.1935416666666666
639,1570977600.0,0.3608079809389912,16.529999999999987,0.004,0.195625
640,1570977660.0,0.3601710192427592,16.529999999999987,0.004,0.195625
641,1570977720.0,0.3588684965103579,16.529999999999987,0.004,0.195625
642,1570977780.0,0.35752795207689464,16.529999999999987,0.004,0.195625
643,1570977840.0,0.3568434665046479,16.529999999999987,0.004,0.195625
644,1570977900.0,0.35649767873810845,16.529999999999987,0.004,0.1973749999999999
645,1570977960.0,0.3554461658001028,16.529999999999987,0.004,0.1973749999999999
646,1570978020.0,0.3550909536693922,16.529999999999987,0.004,0.1973749999999999
647,1570978080.0,0.35327970830316974,16.529999999999987,0.004,0.1973749999999999
648,1570978140.0,0.35291044251167947,16.529999999999987,0.004,0.1973749999999999
649,1570978200.0,0.3525388448080325,16.529999999999987,0.004,0.2000833333333332
650,1570978260.0,0.35178866614047616,16.529999999999987,0.004,0.2000833333333332
651,1570978320.0,0.33322055289836583,16.529999999999987,0.004,0.2000833333333332
652,1570978380.0,0.3328811639210711,16.529999999999987,0.004,0.2000833333333332
653,1570978440.0,0.3326090438609162,16.529999999999987,0.004,0.2000833333333332
654,1570978500.0,0.33222287535039946,16.529999999999987,0.004,0.20325
655,1570978560.0,0.33170283810640483,16.529999999999987,0.004,0.20325
656,1570978620.0,0.3315938762205334,16.529999999999987,0.004,0.20325
657,1570978680.0,0.33114159466720366,16.529999999999987,0.004,0.20325
658,1570978740.0,0.3307852002725538,16.529999999999987,0.004,0.20325
659,1570978800.0,0.33015869985678215,16.805499999999988,0.0095,0.2054166666666666
660,1570978860.0,0.32962845334016516,17.08099999999999,0.0095,0.2054166666666666
661,1570978920.0,0.32935371680112374,17.35649999999999,0.0095,0.2054166666666666
662,1570978980.0,0.32892966960710296,17.63199999999999,0.0095,0.2054166666666666
663,1570979040.0,0.3248007510964869,17.907499999999988,0.0095,0.2054166666666666
664,1570979100.0,0.318948119517539,18.182999999999986,0.0095,0.2084166666666667
665,1570979160.0,0.3182165405701706,18.458499999999983,0.0095,0.2084166666666667
666,1570979220.0,0.3160218037280655,18.733999999999984,0.0095,0.2084166666666667
667,1570979280.0,0.296692184934,19.009499999999985,0.0095,0.2084166666666667
668,1570979340.0,0.29468745125702966,19.284999999999982,0.0095,0.2084166666666667
669,1570979400.0,0.2891586786099327,19.560499999999987,0.0095,0.2090833333333333
670,1570979460.0,0.2888045269320124,19.835999999999988,0.0095,0.2090833333333333
671,1570979520.0,0.28773614214517673,20.11149999999999,0.0095,0.2090833333333333
672,1570979580.0,0.28300588675185734,20.38699999999999,0.0095,0.2090833333333333
673,1570979640.0,0.28263540132161147,20.66249999999999,0.0095,0.2090833333333333
674,1570979700.0,0.2818916555320554,20.93799999999999,0.0095,0.210625
675,1570979760.0,0.2807691588652126,21.21349999999999,0.0095,0.210625
676,1570979820.0,0.27925982557502166,21.48899999999999,0.0095,0.210625
677,1570979880.0,0.27773624851157064,21.764499999999988,0.0095,0.210625
678,1570979940.0,0.27520089830109207,22.03999999999999,0.0095,0.210625
679,1570980000.0,0.27444275909198773,22.31549999999999,0.0095,0.2124166666666666
680,1570980060.0,0.27368154889009993,22.59099999999999,0.0095,0.2124166666666666
681,1570980120.0,0.27215003684594713,22.86649999999999,0.0095,0.2124166666666666
682,1570980180.0,0.271379796153834,23.141999999999992,0.0095,0.2124166666666666
683,1570980240.0,0.26866093694820037,23.417499999999997,0.0095,0.2124166666666666
684,1570980300.0,0.26709160116689235,23.692999999999994,0.0095,0.2145833333333333
685,1570980360.0,0.26669752245945477,23.96849999999999,0.0095,0.2145833333333333
686,1570980420.0,0.2663027538296385,24.243999999999996,0.0095,0.2145833333333333
687,1570980480.0,0.26471686045683446,24.51949999999999,0.0095,0.2145833333333333
688,1570980540.0,0.2643187025869939,24.794999999999987,0.0095,0.2145833333333333
689,1570980600.0,0.2639198790184894,24.794999999999987,0.0095,0.2159583333333333
690,1570980660.0,0.26271945491762966,24.794999999999987,0.0095,0.2159583333333333
691,1570980720.0,0.25663191468113583,24.794999999999987,0.0095,0.2159583333333333
692,1570980780.0,0.256221228545331,24.794999999999987,0.0095,0.2159583333333333
693,1570980840.0,0.25580996010344625,24.794999999999987,0.0095,0.2159583333333333
694,1570980900.0,0.2545727036850907,24.794999999999987,0.0095,0.2165833333333333
695,1570980960.0,0.2541591488074767,24.794999999999987,0.0095,0.2165833333333333
696,1570981020.0,0.2525956964731046,24.794999999999987,0.0095,0.2165833333333333
697,1570981080.0,0.25067237445936696,24.794999999999987,0.0095,0.2165833333333333
698,1570981140.0,0.249061072000162,24.794999999999987,0.0095,0.2165833333333333
699,1570981200.0,0.24776662344442218,24.794999999999987,0.0095,0.2195416666666666
700,1570981260.0,0.2461420152248283,24.794999999999987,0.0095,0.2195416666666666
701,1570981320.0,0.24379022478069945,24.794999999999987,0.0095,0.2195416666666666
702,1570981380.0,0.2418691721491206,24.794999999999987,0.0095,0.2195416666666666
703,1570981440.0,0.2357218037280683,24.794999999999987,0.0095,0.2195416666666666
704,1570981500.0,0.23456917214912099,24.794999999999987,0.0095,0.2200833333333333
705,1570981560.0,0.23418496162280522,24.794999999999987,0.0095,0.2200833333333333
706,1570981620.0,0.23380075109648946,24.794999999999987,0.0095,0.2200833333333333
707,1570981680.0,0.23149548793859484,24.794999999999987,0.0095,0.2200833333333333
708,1570981740.0,0.23119197916666503,24.794999999999987,0.0095,0.2200833333333333
709,1570981800.0,0.22876390899122664,24.794999999999987,0.0095,0.2220833333333333
710,1570981860.0,0.22724636513157764,24.794999999999987,0.0095,0.2220833333333333
711,1570981920.0,0.2248182949561393,24.794999999999987,0.0095,0.2220833333333333
712,1570981980.0,0.22421127741227967,24.794999999999987,0.0095,0.2220833333333333
713,1570982040.0,0.22390776864034984,24.794999999999987,0.0095,0.2220833333333333
714,1570982100.0,0.22360425986842006,24.794999999999987,0.0095,0.2223333333333333
715,1570982160.0,0.22299724232456047,24.794999999999987,0.0095,0.2223333333333333
716,1570982220.0,0.22239022478070086,24.794999999999987,0.0095,0.2223333333333333
717,1570982280.0,0.22178320723684128,24.794999999999987,0.0095,0.2223333333333333
718,1570982340.0,0.22147969846491147,24.794999999999987,0.0095,0.2223333333333333
719,1570982400.0,0.2157130317982453,25.070499999999985,0.0061666666666666,0.224
720,1570982460.0,0.0,25.345999999999982,0.0061666666666666,0.224
721,1570982520.0,0.0,25.621499999999983,0.0061666666666666,0.224
722,1570982580.0,0.0,25.896999999999984,0.0061666666666666,0.224
723,1570982640.0,0.0,26.172499999999985,0.0061666666666666,0.224
724,1570982700.0,0.0,26.447999999999983,0.0061666666666666,0.224625
725,1570982760.0,0.0,26.723499999999987,0.0061666666666666,0.224625
726,1570982820.0,0.0,26.998999999999988,0.0061666666666666,0.224625
727,1570982880.0,0.0,27.274499999999986,0.0061666666666666,0.224625
728,1570982940.0,0.0,27.549999999999983,0.0061666666666666,0.224625
729,1570983000.0,0.0,27.825499999999984,0.0061666666666666,0.2260833333333333
730,1570983060.0,0.0,28.100999999999985,0.0061666666666666,0.2260833333333333
731,1570983120.0,0.0,28.376499999999982,0.0061666666666666,0.2260833333333333
732,1570983180.0,0.0,28.65199999999998,0.0061666666666666,0.2260833333333333
733,1570983240.0,0.0,28.927499999999977,0.0061666666666666,0.2260833333333333
734,1570983300.0,0.0,29.202999999999975,0.0061666666666666,0.2269583333333333
735,1570983360.0,0.0,29.47849999999998,0.0061666666666666,0.2269583333333333
736,1570983420.0,0.0,29.75399999999998,0.0061666666666666,0.2269583333333333
737,1570983480.0,0.0,30.029499999999977,0.0061666666666666,0.2269583333333333
738,1570983540.0,0.0,30.30499999999998,0.0061666666666666,0.2269583333333333
739,1570983600.0,0.0,30.58049999999998,0.0061666666666666,0.227
740,1570983660.0,0.0,30.855999999999977,0.0061666666666666,0.227
741,1570983720.0,0.0,31.13149999999997,0.0061666666666666,0.227
742,1570983780.0,0.0,31.40699999999997,0.0061666666666666,0.227
743,1570983840.0,0.0,31.682499999999976,0.0061666666666666,0.227
744,1570983900.0,0.0,31.957999999999977,0.0061666666666666,0.2268333333333333
745,1570983960.0,0.0,32.23349999999998,0.0061666666666666,0.2268333333333333
746,1570984020.0,0.0,32.50899999999998,0.0061666666666666,0.2268333333333333
747,1570984080.0,0.0,32.78449999999998,0.0061666666666666,0.2268333333333333
748,1570984140.0,0.0,33.05999999999998,0.0061666666666666,0.2268333333333333
749,1570984200.0,0.0,33.05999999999998,0.0061666666666666,0.2282916666666666
750,1570984260.0,0.0,33.05999999999998,0.0061666666666666,0.2282916666666666
751,1570984320.0,0.0,33.05999999999998,0.0061666666666666,0.2282916666666666
752,1570984380.0,0.0,33.05999999999998,0.0061666666666666,0.2282916666666666
753,1570984440.0,0.0,33.05999999999998,0.0061666666666666,0.2282916666666666
754,1570984500.0,0.0,33.05999999999998,0.0061666666666666,0.2281666666666666
755,1570984560.0,0.0,33.05999999999998,0.0061666666666666,0.2281666666666666
756,1570984620.0,0.0,33.05999999999998,0.0061666666666666,0.2281666666666666
757,1570984680.0,0.0,33.05999999999998,0.0061666666666666,0.2281666666666666
758,1570984740.0,0.0,33.05999999999998,0.0061666666666666,0.2281666666666666
759,1570984800.0,0.0,33.05999999999998,0.0061666666666666,0.2277083333333333
760,1570984860.0,0.0,33.05999999999998,0.0061666666666666,0.2277083333333333
761,1570984920.0,0.0,33.05999999999998,0.0061666666666666,0.2277083333333333
762,1570984980.0,0.0,33.05999999999998,0.0061666666666666,0.2277083333333333
763,1570985040.0,0.0,33.05999999999998,0.0061666666666666,0.2277083333333333
764,1570985100.0,0.0,33.05999999999998,0.0061666666666666,0.226625
765,1570985160.0,0.0,33.05999999999998,0.0061666666666666,0.226625
766,1570985220.0,0.0,33.05999999999998,0.0061666666666666,0.226625
767,1570985280.0,0.0,33.05999999999998,0.0061666666666666,0.226625
768,1570985340.0,0.0,33.05999999999998,0.0061666666666666,0.226625
769,1570985400.0,0.0,33.05999999999998,0.0061666666666666,0.2265
770,1570985460.0,0.0,33.05999999999998,0.0061666666666666,0.2265
771,1570985520.0,0.0,33.05999999999998,0.0061666666666666,0.2265
772,1570985580.0,0.0,33.05999999999998,0.0061666666666666,0.2265
773,1570985640.0,0.0,33.05999999999998,0.0061666666666666,0.2265
774,1570985700.0,0.0,33.05999999999998,0.0061666666666666,0.2272083333333333
775,1570985760.0,0.0,33.05999999999998,0.0061666666666666,0.2272083333333333
776,1570985820.0,0.0,33.05999999999998,0.0061666666666666,0.2272083333333333
777,1570985880.0,0.0,33.05999999999998,0.0061666666666666,0.2272083333333333
778,1570985940.0,0.0,33.05999999999998,0.0061666666666666,0.2272083333333333
779,1570986000.0,0.0,33.33549999999998,0.0063333333333333,0.2266666666666666
780,1570986060.0,0.0,33.610999999999976,0.0063333333333333,0.2266666666666666
781,1570986120.0,0.0,33.88649999999997,0.0063333333333333,0.2266666666666666
782,1570986180.0,0.0,34.16199999999997,0.0063333333333333,0.2266666666666666
783,1570986240.0,0.0,34.43749999999997,0.0063333333333333,0.2266666666666666
784,1570986300.0,0.0,34.71299999999997,0.0063333333333333,0.227375
785,1570986360.0,0.0,34.98849999999997,0.0063333333333333,0.227375
786,1570986420.0,0.0,35.263999999999974,0.0063333333333333,0.227375
787,1570986480.0,0.0,35.539499999999975,0.0063333333333333,0.227375
788,1570986540.0,0.0,35.814999999999976,0.0063333333333333,0.227375
789,1570986600.0,0.0,36.09049999999998,0.0063333333333333,0.2237083333333333
790,1570986660.0,0.0,36.36599999999997,0.0063333333333333,0.2237083333333333
791,1570986720.0,0.0,36.64149999999997,0.0063333333333333,0.2237083333333333
792,1570986780.0,0.0,36.916999999999966,0.0063333333333333,0.2237083333333333
793,1570986840.0,0.0,37.19249999999997,0.0063333333333333,0.2237083333333333
794,1570986900.0,0.0,37.46799999999997,0.0063333333333333,0.2228958333333333
795,1570986960.0,0.0,37.74349999999997,0.0063333333333333,0.2228958333333333
796,1570987020.0,0.0,38.01899999999997,0.0063333333333333,0.2228958333333333
797,1570987080.0,0.0,38.29449999999997,0.0063333333333333,0.2228958333333333
798,1570987140.0,0.0,38.56999999999997,0.0063333333333333,0.2228958333333333
799,1570987200.0,0.0,38.84549999999997,0.0063333333333333,0.2220833333333333
800,1570987260.0,0.0,39.12099999999997,0.0063333333333333,0.2220833333333333
801,1570987320.0,0.0,39.396499999999975,0.0063333333333333,0.2220833333333333
802,1570987380.0,0.0,39.671999999999976,0.0063333333333333,0.2220833333333333
803,1570987440.0,0.0,39.94749999999998,0.0063333333333333,0.2220833333333333
804,1570987500.0,0.0,40.22299999999998,0.0063333333333333,0.2222083333333333
805,1570987560.0,0.0,40.49849999999998,0.0063333333333333,0.2222083333333333
806,1570987620.0,0.0,40.66336458333331,0.0063333333333333,0.2222083333333333
807,1570987680.0,0.0,40.66336458333331,0.0063333333333333,0.2222083333333333
808,1570987740.0,0.0,40.66336458333331,0.0063333333333333,0.2222083333333333
809,1570987800.0,0.0,40.66336458333331,0.0063333333333333,0.2200416666666666
810,1570987860.0,0.0,40.66336458333331,0.0063333333333333,0.2200416666666666
811,1570987920.0,0.0,40.66336458333331,0.0063333333333333,0.2200416666666666
812,1570987980.0,0.0,40.66336458333331,0.0063333333333333,0.2200416666666666
813,1570988040.0,0.0,40.66336458333331,0.0063333333333333,0.2200416666666666
814,1570988100.0,0.0,40.66336458333331,0.0063333333333333,0.2195833333333333
815,1570988160.0,0.0,40.66336458333331,0.0063333333333333,0.2195833333333333
816,1570988220.0,0.0,40.66336458333331,0.0063333333333333,0.2195833333333333
817,1570988280.0,0.0,40.66336458333331,0.0063333333333333,0.2195833333333333
818,1570988340.0,0.0,40.66336458333331,0.0063333333333333,0.2195833333333333
819,1570988400.0,0.0,40.66336458333331,0.0063333333333333,0.2179583333333333
820,1570988460.0,0.0,40.66336458333331,0.0063333333333333,0.2179583333333333
821,1570988520.0,0.0,40.66336458333331,0.0063333333333333,0.2179583333333333
822,1570988580.0,0.0,40.66336458333331,0.0063333333333333,0.2179583333333333
823,1570988640.0,0.0,40.66336458333331,0.0063333333333333,0.2179583333333333
824,1570988700.0,0.0,40.66336458333331,0.0063333333333333,0.2164583333333333
825,1570988760.0,0.0,40.66336458333331,0.0063333333333333,0.2164583333333333
826,1570988820.0,0.0,40.66336458333331,0.0063333333333333,0.2164583333333333
827,1570988880.0,0.0,40.66336458333331,0.0063333333333333,0.2164583333333333
828,1570988940.0,0.0,40.66336458333331,0.0063333333333333,0.2164583333333333
829,1570989000.0,0.0,40.66336458333331,0.0063333333333333,0.2145416666666666
830,1570989060.0,0.0,40.66336458333331,0.0063333333333333,0.2145416666666666
831,1570989120.0,0.0,40.66336458333331,0.0063333333333333,0.2145416666666666
832,1570989180.0,0.0,40.66336458333331,0.0063333333333333,0.2145416666666666
833,1570989240.0,0.0,40.66336458333331,0.0063333333333333,0.2145416666666666
834,1570989300.0,0.0,40.66336458333331,0.0063333333333333,0.2131666666666666
835,1570989360.0,0.0,40.66336458333331,0.0063333333333333,0.2131666666666666
836,1570989420.0,0.0,40.66336458333331,0.0063333333333333,0.2131666666666666
837,1570989480.0,0.0,40.66336458333331,0.0063333333333333,0.2131666666666666
838,1570989540.0,0.0,40.66336458333331,0.0063333333333333,0.2131666666666666
839,1570989600.0,0.0,40.66336458333331,0.0063333333333333,0.2114583333333333
840,1570989660.0,0.0,40.66336458333331,0.0063333333333333,0.2114583333333333
841,1570989720.0,0.0,40.66336458333331,0.0063333333333333,0.2114583333333333
842,1570989780.0,0.0,40.66336458333331,0.0063333333333333,0.2114583333333333
843,1570989840.0,0.0,40.66336458333331,0.0063333333333333,0.2114583333333333
844,1570989900.0,0.0,40.66336458333331,0.0063333333333333,0.2098333333333333
845,1570989960.0,0.0,40.66336458333331,0.0063333333333333,0.2098333333333333
846,1570990020.0,0.0,40.66336458333331,0.0063333333333333,0.2098333333333333
847,1570990080.0,0.0,40.66336458333331,0.0063333333333333,0.2098333333333333
848,1570990140.0,0.0,40.66336458333331,0.0063333333333333,0.2098333333333333
849,1570990200.0,0.0,40.66336458333331,0.0063333333333333,0.2077916666666666
850,1570990260.0,0.0,40.66336458333331,0.0063333333333333,0.2077916666666666
851,1570990320.0,0.0,40.66336458333331,0.0063333333333333,0.2077916666666666
852,1570990380.0,0.0,40.66336458333331,0.0063333333333333,0.2077916666666666
853,1570990440.0,0.0,40.66336458333331,0.0063333333333333,0.2077916666666666
854,1570990500.0,0.0,40.66336458333331,0.0063333333333333,0.2053333333333333
855,1570990560.0,0.0,40.66336458333331,0.0063333333333333,0.2053333333333333
856,1570990620.0,0.0,40.66336458333331,0.0063333333333333,0.2053333333333333
857,1570990680.0,0.0,40.66336458333331,0.0063333333333333,0.2053333333333333
858,1570990740.0,0.0,40.66336458333331,0.0063333333333333,0.2053333333333333
859,1570990800.0,0.0,40.66336458333331,0.0063333333333333,0.203125
860,1570990860.0,0.0,40.66336458333331,0.0063333333333333,0.203125
861,1570990920.0,0.0,40.66336458333331,0.0063333333333333,0.203125
862,1570990980.0,0.0,40.66336458333331,0.0063333333333333,0.203125
863,1570991040.0,0.0,40.66336458333331,0.0063333333333333,0.203125
864,1570991100.0,0.013774999999999999,40.66336458333331,0.0063333333333333,0.20175
865,1570991160.0,0.022743276643895846,40.66336458333331,0.0063333333333333,0.20175
866,1570991220.0,0.029570597994136083,40.66336458333331,0.0063333333333333,0.20175
867,1570991280.0,0.03062630535620647,40.66336458333331,0.0063333333333333,0.20175
868,1570991340.0,0.037785275895037704,40.66336458333331,0.0063333333333333,0.20175
869,1570991400.0,0.040102513844476564,40.66336458333331,0.0063333333333333,0.1976666666666666
870,1570991460.0,0.051172313670863084,40.66336458333331,0.0063333333333333,0.1976666666666666
871,1570991520.0,0.06514850736185122,40.66336458333331,0.0063333333333333,0.1976666666666666
872,1570991580.0,0.06902743904947506,40.66336458333331,0.0063333333333333,0.1976666666666666
873,1570991640.0,0.06902743904947506,40.66336458333331,0.0063333333333333,0.1976666666666666
874,1570991700.0,0.07537382569058497,40.66336458333331,0.0063333333333333,0.1937916666666666
875,1570991760.0,0.07840323149295879,40.66336458333331,0.0063333333333333,0.1937916666666666
876,1570991820.0,0.07840323149295879,40.66336458333331,0.0063333333333333,0.1937916666666666
877,1570991880.0,0.08815999999999999,40.66336458333331,0.0063333333333333,0.1937916666666666
878,1570991940.0,0.09642499999999998,40.66336458333331,0.0063333333333333,0.1937916666666666
879,1570992000.0,0.10193499999999997,40.66336458333331,0.0063333333333333,0.1921666666666666
880,1570992060.0,0.11019999999999996,40.66336458333331,0.0063333333333333,0.1921666666666666
881,1570992120.0,0.11846499999999993,40.66336458333331,0.0063333333333333,0.1921666666666666
882,1570992180.0,0.16529999999999986,40.66336458333331,0.0063333333333333,0.1921666666666666
883,1570992240.0,0.16529999999999986,40.66336458333331,0.0063333333333333,0.1921666666666666
884,1570992300.0,0.16529999999999986,40.66336458333331,0.0063333333333333,0.188625
885,1570992360.0,0.16529999999999986,40.66336458333331,0.0063333333333333,0.188625
886,1570992420.0,0.16529999999999986,40.66336458333331,0.0063333333333333,0.188625
887,1570992480.0,0.16529999999999986,40.66336458333331,0.0063333333333333,0.188625
888,1570992540.0,0.17631999999999992,40.66336458333331,0.0063333333333333,0.188625
889,1570992600.0,0.18458499999999983,40.66336458333331,0.0063333333333333,0.1856666666666666
890,1570992660.0,0.19009499999999985,40.66336458333331,0.0063333333333333,0.1856666666666666
891,1570992720.0,0.20662499999999992,40.66336458333331,0.0063333333333333,0.1856666666666666
892,1570992780.0,0.21488999999999991,40.66336458333331,0.0063333333333333,0.1856666666666666
893,1570992840.0,0.21764499999999987,40.66336458333331,0.0063333333333333,0.1856666666666666
894,1570992900.0,0.22039999999999987,40.66336458333331,0.0063333333333333,0.1819583333333333
895,1570992960.0,0.23541725129242264,40.66336458333331,0.0063333333333333,0.1819583333333333
896,1570993020.0,0.23952120711953506,40.66336458333331,0.0063333333333333,0.1819583333333333
897,1570993080.0,0.24362648100351358,40.66336458333331,0.0063333333333333,0.1819583333333333
898,1570993140.0,0.2435523125332545,40.66336458333331,0.0063333333333333,0.1819583333333333
899,1570993200.0,0.24334759491914087,40.66336458333331,0.0031666666666666,0.1785416666666666
900,1570993260.0,0.24331516007812248,40.66336458333331,0.0031666666666666,0.1785416666666666
901,1570993320.0,0.24319188547249332,40.66336458333331,0.0031666666666666,0.1785416666666666
902,1570993380.0,0.24317608092257337,40.66336458333331,0.0031666666666666,0.1785416666666666
903,1570993440.0,0.25621499999999986,40.66336458333331,0.0031666666666666,0.1785416666666666
904,1570993500.0,0.2617249999999999,40.66336458333331,0.0031666666666666,0.1749166666666666
905,1570993560.0,0.2699899999999999,40.66336458333331,0.0031666666666666,0.1749166666666666
906,1570993620.0,0.2892749999999998,40.66336458333331,0.0031666666666666,0.1749166666666666
907,1570993680.0,0.30304999999999976,40.66336458333331,0.0031666666666666,0.1749166666666666
908,1570993740.0,0.31957999999999975,40.66336458333331,0.0031666666666666,0.1749166666666666
909,1570993800.0,0.3278449999999998,40.66336458333331,0.0031666666666666,0.1710833333333333
910,1570993860.0,0.3305999999999998,40.66336458333331,0.0031666666666666,0.1710833333333333
911,1570993920.0,0.3305999999999998,40.66336458333331,0.0031666666666666,0.1710833333333333
912,1570993980.0,0.3305999999999998,40.66336458333331,0.0031666666666666,0.1710833333333333
913,1570994040.0,0.3305999999999998,40.66336458333331,0.0031666666666666,0.1710833333333333
914,1570994100.0,0.3305999999999998,40.66336458333331,0.0031666666666666,0.168125
915,1570994160.0,0.3305999999999998,40.66336458333331,0.0031666666666666,0.168125
916,1570994220.0,0.3443749999999997,40.66336458333331,0.0031666666666666,0.168125
917,1570994280.0,0.3498849999999997,40.66336458333331,0.0031666666666666,0.168125
918,1570994340.0,0.35539499999999974,40.66336458333331,0.0031666666666666,0.168125
919,1570994400.0,0.3750513729782253,40.66336458333331,0.0031666666666666,0.1639583333333333
920,1570994460.0,0.3767172651527554,40.66336458333331,0.0031666666666666,0.1639583333333333
921,1570994520.0,0.38486679931159,40.66336458333331,0.0031666666666666,0.1639583333333333
922,1570994580.0,0.38901926888353616,40.66336458333331,0.0031666666666666,0.1639583333333333
923,1570994640.0,0.39083734656552854,40.66336458333331,0.0031666666666666,0.1639583333333333
924,1570994700.0,0.3917887646187904,40.66336458333331,0.0031666666666666,0.1599166666666666
925,1570994760.0,0.3924555163199915,40.66336458333331,0.0031666666666666,0.1599166666666666
926,1570994820.0,0.3932852365196487,40.66336458333331,0.0031666666666666,0.1599166666666666
927,1570994880.0,0.3938651181251359,40.66336458333331,0.0031666666666666,0.1599166666666666
928,1570994940.0,0.3938651181251359,40.66336458333331,0.0031666666666666,0.1599166666666666
929,1570995000.0,0.3938651181251359,40.66336458333331,0.0031666666666666,0.1540833333333333
930,1570995060.0,0.3945677419038907,40.66336458333331,0.0031666666666666,0.1540833333333333
931,1570995120.0,0.39521779011371394,40.66336458333331,0.0031666666666666,0.1540833333333333
932,1570995180.0,0.39521779011371394,40.66336458333331,0.0031666666666666,0.1540833333333333
933,1570995240.0,0.396009299985737,40.66336458333331,0.0031666666666666,0.1540833333333333
934,1570995300.0,0.3969252314063101,40.66336458333331,0.0031666666666666,0.149625
935,1570995360.0,0.39771362915311903,40.66336458333331,0.0031666666666666,0.149625
936,1570995420.0,0.39771362915311903,40.66336458333331,0.0031666666666666,0.149625
937,1570995480.0,0.39771362915311903,40.66336458333331,0.0031666666666666,0.149625
938,1570995540.0,0.3981881673364084,40.66336458333331,0.0031666666666666,0.149625
939,1570995600.0,0.3981881673364084,40.66336458333331,0.0031666666666666,0.145
940,1570995660.0,0.3995240273251212,40.66336458333331,0.0031666666666666,0.145
941,1570995720.0,0.3995240273251212,40.66336458333331,0.0031666666666666,0.145
942,1570995780.0,0.40069133720330946,40.66336458333331,0.0031666666666666,0.145
943,1570995840.0,0.40069133720330946,40.66336458333331,0.0031666666666666,0.145
944,1570995900.0,0.40069133720330946,40.66336458333331,0.0031666666666666,0.139875
945,1570995960.0,0.4011521298297606,40.66336458333331,0.0031666666666666,0.139875
946,1570996020.0,0.4020984037354321,40.66336458333331,0.0031666666666666,0.139875
947,1570996080.0,0.4020984037354321,40.66336458333331,0.0031666666666666,0.139875
948,1570996140.0,0.4036680892531042,40.66336458333331,0.0031666666666666,0.139875
949,1570996200.0,0.39457852827163037,40.66336458333331,0.0031666666666666,0.1345
950,1570996260.0,0.39584515073741117,40.66336458333331,0.0031666666666666,0.1345
951,1570996320.0,0.3971205382035939,40.66336458333331,0.0031666666666666,0.1345
952,1570996380.0,0.39806026832736163,40.66336458333331,0.0031666666666666,0.1345
953,1570996440.0,0.39931871780647926,40.66336458333331,0.0031666666666666,0.1345
954,1570996500.0,0.39931871780647926,40.66336458333331,0.0031666666666666,0.1309166666666666
955,1570996560.0,0.40046739002743226,40.66336458333331,0.0031666666666666,0.1309166666666666
956,1570996620.0,0.40046739002743226,40.66336458333331,0.0031666666666666,0.1309166666666666
957,1570996680.0,0.40046739002743226,40.66336458333331,0.0031666666666666,0.1309166666666666
958,1570996740.0,0.40200165820232614,40.66336458333331,0.0031666666666666,0.1309166666666666
959,1570996800.0,0.40200165820232614,40.66336458333331,0.0043333333333333,0.1256666666666666
960,1570996860.0,0.40307680738818646,40.66336458333331,0.0043333333333333,0.1256666666666666
961,1570996920.0,0.4041036232537473,40.66336458333331,0.0043333333333333,0.1256666666666666
962,1570996980.0,0.4051366461270567,40.66336458333331,0.0043333333333333,0.1256666666666666
963,1570997040.0,0.4051366461270567,40.66336458333331,0.0043333333333333,0.1256666666666666
964,1570997100.0,0.4051366461270567,40.66336458333331,0.0043333333333333,0.120375
965,1570997160.0,0.4051366461270567,40.66336458333331,0.0043333333333333,0.120375
966,1570997220.0,0.4061018706603886,40.66336458333331,0.0043333333333333,0.120375
967,1570997280.0,0.4066336458333331,40.66336458333331,0.0043333333333333,0.120375
968,1570997340.0,0.4066336458333331,40.66336458333331,0.0043333333333333,0.120375
969,1570997400.0,0.4066336458333331,40.66336458333331,0.0043333333333333,0.11575
970,1570997460.0,0.4066336458333331,40.66336458333331,0.0043333333333333,0.11575
971,1570997520.0,0.4066336458333331,40.66336458333331,0.0043333333333333,0.11575
972,1570997580.0,0.4066336458333331,40.66336458333331,0.0043333333333333,0.11575
973,1570997640.0,0.4066336458333331,40.66336458333331,0.0043333333333333,0.11575
974,1570997700.0,0.4066336458333331,40.66336458333331,0.0043333333333333,0.1104583333333333
975,1570997760.0,0.4066336458333331,40.66336458333331,0.0043333333333333,0.1104583333333333
976,1570997820.0,0.4066336458333331,40.66336458333331,0.0043333333333333,0.1104583333333333
977,1570997880.0,0.4066336458333331,40.66336458333331,0.0043333333333333,0.1104583333333333
978,1570997940.0,0.4066336458333331,40.66336458333331,0.0043333333333333,0.1104583333333333
979,1570998000.0,0.4066336458333331,40.66336458333331,0.0043333333333333,0.1056666666666666
980,1570998060.0,0.4066336458333331,40.66336458333331,0.0043333333333333,0.1056666666666666
981,1570998120.0,0.4066336458333331,40.66336458333331,0.0043333333333333,0.1056666666666666
982,1570998180.0,0.4066336458333331,40.66336458333331,0.0043333333333333,0.1056666666666666
983,1570998240.0,0.4066336458333331,40.66336458333331,0.0043333333333333,0.1056666666666666
984,1570998300.0,0.4066336458333331,40.66336458333331,0.0043333333333333,0.1001666666666666
985,1570998360.0,0.4066336458333331,40.66336458333331,0.0043333333333333,0.1001666666666666
986,1570998420.0,0.4066336458333331,40.66336458333331,0.0043333333333333,0.1001666666666666
987,1570998480.0,0.4066336458333331,40.66336458333331,0.0043333333333333,0.1001666666666666
988,1570998540.0,0.4066336458333331,40.66336458333331,0.0043333333333333,0.1001666666666666
989,1570998600.0,0.4061439011919217,40.66336458333331,0.0043333333333333,0.096
990,1570998660.0,0.4061210430502184,40.66336458333331,0.0043333333333333,0.096
991,1570998720.0,0.40473640814016415,40.66336458333331,0.0043333333333333,0.096
992,1570998780.0,0.4046924753236272,40.66336458333331,0.0043333333333333,0.096
993,1570998840.0,0.40310842780647704,40.66336458333331,0.0043333333333333,0.096
994,1570998900.0,0.4016228569967464,40.66336458333331,0.0043333333333333,0.0920416666666666
995,1570998960.0,0.39975525129240586,40.66336458333331,0.0043333333333333,0.0920416666666666
996,1570999020.0,0.39960053061215517,40.66336458333331,0.0043333333333333,0.0920416666666666
997,1570999080.0,0.39958546073259044,40.66336458333331,0.0043333333333333,0.0920416666666666
998,1570999140.0,0.3941279762858678,40.66336458333331,0.0043333333333333,0.0920416666666666
999,1570999200.0,0.3899719836978956,40.66336458333331,0.0043333333333333,0.0873333333333333
1000,1570999260.0,0.38494195337256004,40.66336458333331,0.0043333333333333,0.0873333333333333
1001,1570999320.0,0.3827628997700836,40.66336458333331,0.0043333333333333,0.0873333333333333
1002,1570999380.0,0.381708120220687,40.66336458333331,0.0043333333333333,0.0873333333333333
1003,1570999440.0,0.38037294427647467,40.66336458333331,0.0043333333333333,0.0873333333333333
1004,1570999500.0,0.37994281231067617,40.66336458333331,0.0043333333333333,0.08275
1005,1570999560.0,0.3779263542530921,40.66336458333331,0.0043333333333333,0.08275
1006,1570999620.0,0.37572058958255866,40.66336458333331,0.0043333333333333,0.08275
1007,1570999680.0,0.37546833593668105,40.66336458333331,0.0043333333333333,0.08275
1008,1570999740.0,0.373267142770235,40.66336458333331,0.0043333333333333,0.08275
1009,1570999800.0,0.3682117727284141,40.66336458333331,0.0043333333333333,0.0774166666666666
1010,1570999860.0,0.3648065389702614,40.66336458333331,0.0043333333333333,0.0774166666666666
1011,1570999920.0,0.3640254264836584,40.66336458333331,0.0043333333333333,0.0774166666666666
1012,1570999980.0,0.3632354965140685,40.66336458333331,0.0043333333333333,0.0774166666666666
1013,1571000040.0,0.35998813024046483,40.66336458333331,0.0043333333333333,0.0774166666666666
1014,1571000100.0,0.3398363888568117,40.66336458333331,0.0043333333333333,0.0711666666666666
1015,1571000160.0,0.33942840729425716,40.66336458333331,0.0043333333333333,0.0711666666666666
1016,1571000220.0,0.33932273331021356,40.66336458333331,0.0043333333333333,0.0711666666666666
1017,1571000280.0,0.3391069872996144,40.66336458333331,0.0043333333333333,0.0711666666666666
1018,1571000340.0,0.33899692008612115,40.66336458333331,0.0043333333333333,0.0711666666666666
1019,1571000400.0,0.33794094597626645,40.66336458333331,0.0031666666666666,0.066
1020,1571000460.0,0.33703915113756144,40.66336458333331,0.0031666666666666,0.066
1021,1571000520.0,0.33635251639004393,40.66336458333331,0.0031666666666666,0.066
1022,1571000580.0,0.32845864583332945,40.66336458333331,0.0031666666666666,0.066
1023,1571000640.0,0.3277270668859609,40.66336458333331,0.0031666666666666,0.066
1024,1571000700.0,0.3262639089912239,40.661083881578925,0.0031666666666666,0.0616666666666666
1025,1571000760.0,0.3255323300438554,40.65880317982454,0.0031666666666666,0.0616666666666666
1026,1571000820.0,0.3174849616228022,40.65652247807015,0.0031666666666666,0.0616666666666666
1027,1571000880.0,0.2957022678530239,40.65424177631576,0.0031666666666666,0.0616666666666666
1028,1571000940.0,0.2939635254418591,40.65196107456138,0.0031666666666666,0.0616666666666666
1029,1571001000.0,0.2936131443977287,40.648759320175415,0.0031666666666666,0.0554583333333333
1030,1571001060.0,0.2918482601341845,40.64555756578945,0.0031666666666666,0.0554583333333333
1031,1571001120.0,0.29006205540695407,40.63687335526314,0.0031666666666666,0.0554583333333333
1032,1571001180.0,0.2878910743831786,40.63367160087718,0.0031666666666666,0.0554583333333333
1033,1571001240.0,0.28716086055155143,40.62485581140349,0.0031666666666666,0.0554583333333333
1034,1571001300.0,0.286794540864028,40.61060142543858,0.0031666666666666,0.0502916666666666
1035,1571001360.0,0.28642741744769085,40.59634703947367,0.0031666666666666,0.0502916666666666
1036,1571001420.0,0.28383535353113765,40.58209265350876,0.0031666666666666,0.0502916666666666
1037,1571001480.0,0.2781547867813241,40.573452302631566,0.0031666666666666,0.0502916666666666
1038,1571001540.0,0.2777701974420538,40.559197916666655,0.0031666666666666,0.0502916666666666
1039,1571001600.0,0.276224740493171,40.558233004385954,0.0031666666666666,0.0454166666666666
1040,1571001660.0,0.2751826127582921,40.54358388157894,0.0031666666666666,0.0454166666666666
1041,1571001720.0,0.27480296668181203,40.529811951754375,0.0031666666666666,0.0454166666666666
1042,1571001780.0,0.27251199207972543,40.51516282894736,0.0031666666666666,0.0454166666666666
1043,1571001840.0,0.27097246059427776,40.49577686403508,0.0031666666666666,0.0454166666666666
1044,1571001900.0,0.2701991158756293,40.48941721491227,0.0031666666666666,0.0402916666666666
1045,1571001960.0,0.26708255040806034,40.47025054824561,0.0031666666666666,0.0402916666666666
1046,1571002020.0,0.2666904312500282,40.44546984649122,0.0031666666666666,0.0402916666666666
1047,1571002080.0,0.2651164502586434,40.439110197368414,0.0031666666666666,0.0402916666666666
1048,1571002140.0,0.26472159739413686,40.43608388157894,0.0031666666666666,0.0402916666666666
1049,1571002200.0,0.26234136246304923,40.410382127192975,0.0031666666666666,0.0340833333333333
1050,1571002260.0,0.261543805282814,40.400820723684205,0.0031666666666666,0.0340833333333333
1051,1571002320.0,0.25913911919431903,40.3879259868421,0.0031666666666666,0.0340833333333333
1052,1571002380.0,0.2530531687406586,40.37836458333333,0.0031666666666666,0.0340833333333333
1053,1571002440.0,0.2516037500260728,40.36546984649122,0.0031666666666666,0.0340833333333333
1054,1571002500.0,0.25097233034980637,40.348934758771925,0.0031666666666666,0.0274583333333333
1055,1571002560.0,0.2503399541275855,40.33239967105263,0.0031666666666666,0.0274583333333333
1056,1571002620.0,0.2449281660714142,40.31253125,0.0031666666666666,0.0274583333333333
1057,1571002680.0,0.24268206779118764,40.27985581140351,0.0031666666666666,0.0274583333333333
1058,1571002740.0,0.2420385693487061,40.2415663377193,0.0031666666666666,0.0274583333333333
1059,1571002800.0,0.24033233004385757,40.20025054824561,0.0031666666666666,0.0199583333333333
1060,1571002860.0,0.23994811951754177,40.1694610745614,0.0031666666666666,0.0199583333333333
1061,1571002920.0,0.23879548793859448,40.13533826754385,0.0031666666666666,0.0199583333333333
1062,1571002980.0,0.23725864583333134,40.094022478070166,0.0031666666666666,0.0199583333333333
1063,1571003040.0,0.23649022478069984,40.06884703947368,0.0031666666666666,0.0199583333333333
1064,1571003100.0,0.23610601425438407,40.03533826754385,0.0031666666666666,0.0149166666666666
1065,1571003160.0,0.2334165405701737,39.99060142543859,0.0031666666666666,0.0149166666666666
1066,1571003220.0,0.2326481195175421,39.95709265350877,0.0031666666666666,0.0149166666666666
1067,1571003280.0,0.22794416086448926,39.91235581140351,0.0031666666666666,0.0149166666666666
1068,1571003340.0,0.2260314436275734,39.873233004385966,0.0031666666666666,0.0149166666666666
1069,1571003400.0,0.2237959571450819,39.81937335526315,0.0031666666666666,0.0123333333333333
1070,1571003460.0,0.22123633781150562,39.76551370614034,0.0031666666666666,0.0123333333333333
1071,1571003520.0,0.2173885775166648,39.711654057017526,0.0031666666666666,0.0123333333333333
1072,1571003580.0,0.21514011365065158,39.67604002192981,0.0031666666666666,0.0123333333333333
1073,1571003640.0,0.21353256508019758,39.622180372806994,0.0031666666666666,0.0123333333333333
1074,1571003700.0,0.21321091988468274,39.57481195175436,0.0031666666666666,0.0105
1075,1571003760.0,0.21288923218911804,39.52077686403506,0.0031666666666666,0.0105
1076,1571003820.0,0.21256750313402495,39.477969846491206,0.0031666666666666,0.0105
1077,1571003880.0,0.21160207921911828,39.42726809210525,0.0031666666666666,0.0105
1078,1571003940.0,0.21128019613418644,39.373233004385945,0.0031666666666666,0.0105
1079,1571004000.0,0.21095827739457246,39.32367160087718,0.0031666666666666,0.0084166666666666
1080,1571004060.0,0.0,39.28516282894735,0.0031666666666666,0.0084166666666666
1081,1571004120.0,0.0,39.24279440789472,0.0031666666666666,0.0084166666666666
1082,1571004180.0,0.0,39.20095230263156,0.0031666666666666,0.0084166666666666
1083,1571004240.0,0.0,39.1513908991228,0.0031666666666666,0.0084166666666666
1084,1571004300.0,0.0,39.10845230263156,0.0031666666666666,0.0059583333333333
1085,1571004360.0,0.0,39.06884703947367,0.0031666666666666,0.0059583333333333
1086,1571004420.0,0.0,39.02924177631577,0.0031666666666666,0.0059583333333333
1087,1571004480.0,0.0,38.98963651315788,0.0031666666666666,0.0059583333333333
1088,1571004540.0,0.0,38.95003124999998,0.0031666666666666,0.0059583333333333
1089,1571004600.0,0.0,38.900776864035066,0.0031666666666666,0.0039583333333333
1090,1571004660.0,0.0,38.85485581140348,0.0031666666666666,0.0039583333333333
1091,1571004720.0,0.0,38.80226809210524,0.0031666666666666,0.0039583333333333
1092,1571004780.0,0.0,38.74634703947366,0.0031666666666666,0.0039583333333333
1093,1571004840.0,0.0,38.70042598684208,0.0031666666666666,0.0039583333333333
1094,1571004900.0,0.0,38.64726809210524,0.0031666666666666,0.0020416666666666
1095,1571004960.0,0.0,38.5941101973684,0.0031666666666666,0.0020416666666666
1096,1571005020.0,0.0,38.54095230263155,0.0031666666666666,0.0020416666666666
1097,1571005080.0,0.0,38.48779440789471,0.0031666666666666,0.0020416666666666
1098,1571005140.0,0.0,38.43463651315787,0.0031666666666666,0.0020416666666666
1099,1571005200.0,0.0,38.37832072368418,0.0031666666666666,0.0012916666666666
1100,1571005260.0,0.0,38.3220049342105,0.0031666666666666,0.0012916666666666
1101,1571005320.0,0.0,38.26568914473681,0.0031666666666666,0.0012916666666666
1102,1571005380.0,0.0,38.209373355263125,0.0031666666666666,0.0012916666666666
1103,1571005440.0,0.0,38.15305756578944,0.0031666666666666,0.0012916666666666
1104,1571005500.0,0.0,38.09130317982453,0.0031666666666666,0.0
1105,1571005560.0,0.0,38.02954879385962,0.0031666666666666,0.0
1106,1571005620.0,0.0,37.96779440789471,0.0031666666666666,0.0
1107,1571005680.0,0.0,37.9060400219298,0.0031666666666666,0.0
1108,1571005740.0,0.0,37.84428563596489,0.0031666666666666,0.0
1109,1571005800.0,0.0,37.78253124999998,0.0031666666666666,0.0
1110,1571005860.0,0.0,37.72077686403507,0.0031666666666666,0.0
1111,1571005920.0,0.0,37.65902247807016,0.0031666666666666,0.0
1112,1571005980.0,0.0,37.597268092105246,0.0031666666666666,0.0
1113,1571006040.0,0.0,37.535513706140335,0.0031666666666666,0.0
1114,1571006100.0,0.0,37.47375932017543,0.0031666666666666,0.0
1115,1571006160.0,0.0,37.41200493421052,0.0031666666666666,0.0
1116,1571006220.0,0.0,37.3502505482456,0.0031666666666666,0.0
1117,1571006280.0,0.0,37.28849616228069,0.0031666666666666,0.0
1118,1571006340.0,0.0,37.22674177631578,0.0031666666666666,0.0
1119,1571006400.0,0.0,37.16498739035087,0.0031666666666666,0.0
1120,1571006460.0,0.0,37.10323300438596,0.0031666666666666,0.0
1121,1571006520.0,0.0,37.04147861842105,0.0031666666666666,0.0
1122,1571006580.0,0.0,36.97972423245614,0.0031666666666666,0.0
1123,1571006640.0,0.0,36.91796984649123,0.0031666666666666,0.0
1124,1571006700.0,0.0,36.85621546052632,0.0031666666666666,0.0
1125,1571006760.0,0.0,36.79446107456141,0.0031666666666666,0.0
1126,1571006820.0,0.0,36.7327066885965,0.0031666666666666,0.0
1127,1571006880.0,0.0,36.67095230263159,0.0031666666666666,0.0
1128,1571006940.0,0.0,36.60919791666668,0.0031666666666666,0.0
1129,1571007000.0,0.0,36.54744353070177,0.0031666666666666,0.0
1130,1571007060.0,0.0,36.48568914473686,0.0031666666666666,0.0
1131,1571007120.0,0.0,36.42393475877195,0.0031666666666666,0.0
1132,1571007180.0,0.0,36.36218037280704,0.0031666666666666,0.0
1133,1571007240.0,0.0,36.30042598684213,0.0031666666666666,0.0
1134,1571007300.0,0.0,36.23867160087722,0.0031666666666666,0.0
1135,1571007360.0,0.0,36.17691721491231,0.0031666666666666,0.0
1136,1571007420.0,0.0,36.1151628289474,0.0031666666666666,0.0
1137,1571007480.0,0.0,36.05340844298249,0.0031666666666666,0.0
1138,1571007540.0,0.0,35.99165405701758,0.0031666666666666,0.0
1139,1571007600.0,0.0,35.918496162280725,0.0175,0.0
1140,1571007660.0,0.0,35.84533826754387,0.0175,0.0
1141,1571007720.0,0.0,35.77218037280702,0.0175,0.0
1142,1571007780.0,0.0,35.69902247807017,0.0175,0.0
1143,1571007840.0,0.0,35.62586458333332,0.0175,0.0
1144,1571007900.0,0.0,35.552706688596466,0.0175,0.0
1145,1571007960.0,0.0,35.479548793859614,0.0175,0.0
1146,1571008020.0,0.0,35.40639089912276,0.0175,0.0
1147,1571008080.0,0.0,35.33323300438591,0.0175,0.0
1148,1571008140.0,0.0,35.26007510964906,0.0175,0.0
1149,1571008200.0,0.0,35.18691721491221,0.0175,0.0
1150,1571008260.0,0.0,35.113759320175355,0.0175,0.0
1151,1571008320.0,0.0,35.0406014254385,0.0175,0.0
1152,1571008380.0,0.0,34.96744353070165,0.0175,0.0
1153,1571008440.0,0.0,34.8942856359648,0.0175,0.0
1154,1571008500.0,0.0,34.82112774122795,0.0175,0.0
1155,1571008560.0,0.0,34.747969846491095,0.0175,0.0
1156,1571008620.0,0.0,34.67481195175424,0.0175,0.0
1157,1571008680.0,0.0,34.60165405701739,0.0175,0.0
1158,1571008740.0,0.0,34.52849616228054,0.0175,0.0
1159,1571008800.0,0.0,34.45533826754369,0.0175,0.0
1160,1571008860.0,0.0,34.38218037280684,0.0175,0.0
1161,1571008920.0,0.0,34.309022478069984,0.0175,0.0
1162,1571008980.0,0.0,34.23586458333313,0.0175,0.0
1163,1571009040.0,0.0,34.16270668859628,0.0175,0.0
1164,1571009100.0,0.0,34.08954879385943,0.0175,0.0
1165,1571009160.0,0.0,34.01639089912258,0.0175,0.0
1166,1571009220.0,0.0,33.943233004385725,0.0175,0.0
1167,1571009280.0,0.0,33.87007510964887,0.0175,0.0
1168,1571009340.0,0.0,33.79691721491202,0.0175,0.0
1169,1571009400.0,0.0,33.72375932017517,0.0175,0.0
1170,1571009460.0,0.0,33.65060142543832,0.0175,0.0
1171,1571009520.0,0.0,33.577443530701466,0.0175,0.0
1172,1571009580.0,0.0,33.504285635964614,0.0175,0.0
1173,1571009640.0,0.0,33.43112774122776,0.0175,0.0
1174,1571009700.0,0.0,33.35796984649091,0.0175,0.0
1175,1571009760.0,0.0,33.28481195175406,0.0175,0.0
1176,1571009820.0,0.0,33.211654057017206,0.0175,0.0
1177,1571009880.0,0.0,33.138496162280354,0.0175,0.0
1178,1571009940.0,0.0,33.0653382675435,0.0175,0.0
1179,1571010000.0,0.0,32.99218037280665,0.0175,0.0
1180,1571010060.0,0.0,32.9190224780698,0.0175,0.0
1181,1571010120.0,0.0,32.84586458333295,0.0175,0.0
1182,1571010180.0,0.0,32.772706688596095,0.0175,0.0
1183,1571010240.0,0.0,32.69954879385924,0.0175,0.0
1184,1571010300.0,0.0,32.62639089912239,0.0175,0.0
1185,1571010360.0,0.0,32.55323300438554,0.0175,0.0
1186,1571010420.0,0.0,32.48007510964869,0.0175,0.0
1187,1571010480.0,0.0,32.40691721491184,0.0175,0.0
1188,1571010540.0,0.0,32.333759320174984,0.0175,0.0
1189,1571010600.0,0.0,32.26060142543813,0.0175,0.0
1190,1571010660.0,0.0,32.18744353070128,0.0175,0.0
1191,1571010720.0,0.0,32.11428563596443,0.0175,0.0
1192,1571010780.0,0.0,32.04112774122758,0.0175,0.0
1193,1571010840.0,0.0,31.967969846490732,0.0175,0.0
1194,1571010900.0,0.0,31.894811951753898,0.0175,0.0
1195,1571010960.0,0.0,31.82165405701706,0.0175,0.0
1196,1571011020.0,0.0,31.748496162280222,0.0175,0.0
1197,1571011080.0,0.0,31.675338267543385,0.0175,0.0
1198,1571011140.0,0.0,31.602180372806547,0.0175,0.0
1199,1571011200.0,0.0,31.54972423245567,0.0086666666666666,0.0
1200,1571011260.0,0.0,31.497268092104797,0.0086666666666666,0.0
1201,1571011320.0,0.0,31.44481195175392,0.0086666666666666,0.0
1202,1571011380.0,0.0,31.39235581140304,0.0086666666666666,0.0
1203,1571011440.0,0.0,31.33989967105216,0.0086666666666666,0.0
1204,1571011500.0,0.0,31.287443530701285,0.0086666666666666,0.0
1205,1571011560.0,0.0,31.23498739035041,0.0086666666666666,0.0
1206,1571011620.0,0.0,31.18253124999953,0.0086666666666666,0.0
1207,1571011680.0,0.0,31.13007510964865,0.0086666666666666,0.0
1208,1571011740.0,0.002754999999999999,31.077618969297777,0.0086666666666666,0.0
1209,1571011800.0,0.005509999999999999,31.0251628289469,0.0086666666666666,0.0
1210,1571011860.0,0.01102,30.972706688596023,0.0086666666666666,0.0
1211,1571011920.0,0.01653,30.920250548245143,0.0086666666666666,0.0
1212,1571011980.0,0.019285,30.86779440789427,0.0086666666666666,0.0
1213,1571012040.0,0.061045724768435575,30.815338267543392,0.0086666666666666,0.0
1214,1571012100.0,0.0662542868449652,30.762882127192515,0.0086666666666666,0.0
1215,1571012160.0,0.06728011347769612,30.71042598684164,0.0086666666666666,0.0
1216,1571012220.0,0.06832918757295645,30.65796984649076,0.0086666666666666,0.0
1217,1571012280.0,0.07374108468363705,30.605513706139885,0.0086666666666666,0.0
1218,1571012340.0,0.07989942168212968,30.553057565789008,0.0086666666666666,0.0
1219,1571012400.0,0.07989942168212968,30.50060142543813,0.0086666666666666,0.0
1220,1571012460.0,0.08264999999999999,30.448145285087254,0.0086666666666666,0.0
1221,1571012520.0,0.08264999999999999,30.395689144736377,0.0086666666666666,0.0
1222,1571012580.0,0.08264999999999999,30.3432330043855,0.0086666666666666,0.0
1223,1571012640.0,0.09091499999999998,30.290776864034623,0.0086666666666666,0.0
1224,1571012700.0,0.10468999999999996,30.238320723683746,0.0086666666666666,0.0
1225,1571012760.0,0.11295499999999996,30.18586458333287,0.0086666666666666,0.0
1226,1571012820.0,0.11570999999999994,30.13340844298199,0.0086666666666666,0.0
1227,1571012880.0,0.12948499999999993,30.080952302631115,0.0086666666666666,0.0
1228,1571012940.0,0.13499499999999992,30.02849616228024,0.0086666666666666,0.0
1229,1571013000.0,0.13774999999999993,29.97604002192936,0.0086666666666666,0.0
1230,1571013060.0,0.14601499999999992,29.923583881578484,0.0086666666666666,0.0
1231,1571013120.0,0.1542799999999999,29.871127741227607,0.0086666666666666,0.0
1232,1571013180.0,0.15978999999999988,29.81867160087673,0.0086666666666666,0.0
1233,1571013240.0,0.16254499999999986,29.766215460525853,0.0086666666666666,0.0
1234,1571013300.0,0.16529999999999986,29.713759320174976,0.0086666666666666,0.0
1235,1571013360.0,0.16529999999999986,29.6613031798241,0.0086666666666666,0.0
1236,1571013420.0,0.16529999999999986,29.608847039473225,0.0086666666666666,0.0
1237,1571013480.0,0.16529999999999986,29.556390899122345,0.0086666666666666,0.0
1238,1571013540.0,0.16529999999999986,29.503934758771468,0.0086666666666666,0.0
1239,1571013600.0,0.16529999999999986,29.45147861842059,0.0086666666666666,0.0
1240,1571013660.0,0.16529999999999986,29.399022478069718,0.0086666666666666,0.0
1241,1571013720.0,0.16529999999999986,29.34656633771884,0.0086666666666666,0.0
1242,1571013780.0,0.18733999999999984,29.29411019736796,0.0086666666666666,0.0
1243,1571013840.0,0.19284999999999983,29.241654057017083,0.0086666666666666,0.0
1244,1571013900.0,0.22866499999999992,29.18919791666621,0.0086666666666666,0.0
1245,1571013960.0,0.2428914022383913,29.13674177631533,0.0086666666666666,0.0
1246,1571014020.0,0.24498264884610013,29.08428563596445,0.0086666666666666,0.0
1247,1571014080.0,0.24498264884610013,29.03182949561357,0.0086666666666666,0.0
1248,1571014140.0,0.24495963172729138,28.979373355262695,0.0086666666666666,0.0
1249,1571014200.0,0.24495963172729138,28.92691721491182,0.0086666666666666,0.0
1250,1571014260.0,0.2448198978734908,28.874461074560944,0.0086666666666666,0.0
1251,1571014320.0,0.2447315036685981,28.822004934210067,0.0086666666666666,0.0
1252,1571014380.0,0.2447200038608722,28.76954879385919,0.0086666666666666,0.0
1253,1571014440.0,0.2447200038608722,28.717092653508317,0.0086666666666666,0.0
1254,1571014500.0,0.2447200038608722,28.66463651315744,0.0086666666666666,0.0
1255,1571014560.0,0.25896999999999987,28.61218037280656,0.0086666666666666,0.0
1256,1571014620.0,0.27274499999999985,28.55972423245568,0.0086666666666666,0.0
1257,1571014680.0,0.27549999999999986,28.507268092104805,0.0086666666666666,0.0
1258,1571014740.0,0.2865199999999998,28.45481195175393,0.0086666666666666,0.0
1259,1571014800.0,0.29202999999999973,28.40481195175393,0.0085,0.0
1260,1571014860.0,0.30580499999999977,28.35481195175393,0.0085,0.0
1261,1571014920.0,0.3085599999999998,28.304811951753937,0.0085,0.0
1262,1571014980.0,0.31682499999999975,28.25481195175394,0.0085,0.0
1263,1571015040.0,0.3305999999999998,28.204811951753943,0.0085,0.0
1264,1571015100.0,0.3305999999999998,28.154811951753945,0.0085,0.0
1265,1571015160.0,0.3305999999999998,28.10481195175395,0.0085,0.0
1266,1571015220.0,0.3305999999999998,28.05481195175395,0.0085,0.0
1267,1571015280.0,0.3305999999999998,28.004811951753958,0.0085,0.0
1268,1571015340.0,0.3305999999999998,27.95481195175396,0.0085,0.0
1269,1571015400.0,0.3305999999999998,27.90481195175396,0.0085,0.0
1270,1571015460.0,0.3388649999999997,27.854811951753963,0.0085,0.0
1271,1571015520.0,0.3471299999999997,27.804811951753965,0.0085,0.0
1272,1571015580.0,0.3563546869469084,27.754811951753968,0.0085,0.0
1273,1571015640.0,0.36464864336887665,27.70481195175397,0.0085,0.0
1274,1571015700.0,0.3681826717651601,27.65481195175397,0.0085,0.0
1275,1571015760.0,0.3697291611586405,27.604811951753977,0.0085,0.0
1276,1571015820.0,0.3809345638496752,27.55481195175398,0.0085,0.0
1277,1571015880.0,0.38381150518085727,27.504811951753982,0.0085,0.0
1278,1571015940.0,0.3847527725956947,27.454811951753985,0.0085,0.0
1279,1571016000.0,0.38494800247716043,27.404811951753988,0.0085,0.0
1280,1571016060.0,0.38494800247716043,27.35481195175399,0.0085,0.0
1281,1571016120.0,0.3870061653231355,27.304811951753997,0.0085,0.0
1282,1571016180.0,0.3870061653231355,27.254811951754,0.0085,0.0
1283,1571016240.0,0.387539121082294,27.204811951754,0.0085,0.0
1284,1571016300.0,0.38818441586916164,27.154811951754,0.0085,0.0
1285,1571016360.0,0.38878094583949474,27.104811951754005,0.0085,0.0
1286,1571016420.0,0.38878094583949474,27.054811951754008,0.0085,0.0
1287,1571016480.0,0.38950663722777756,27.00481195175401,0.0085,0.0
1288,1571016540.0,0.38950663722777756,26.954811951754014,0.0085,0.0
1289,1571016600.0,0.39034545235091644,26.904811951754017,0.0085,0.0
1290,1571016660.0,0.3915002359870886,26.85481195175402,0.0085,0.0
1291,1571016720.0,0.39271912891640737,26.804811951754026,0.0085,0.0
1292,1571016780.0,0.39271912891640737,26.754811951754025,0.0085,0.0
1293,1571016840.0,0.3937817413062477,26.704811951754028,0.0085,0.0
1294,1571016900.0,0.39420047914694417,26.65481195175403,0.0085,0.0
1295,1571016960.0,0.39420047914694417,26.604811951754037,0.0085,0.0
1296,1571017020.0,0.39420047914694417,26.55481195175404,0.0085,0.0
1297,1571017080.0,0.39505892257139036,26.50481195175404,0.0085,0.0
1298,1571017140.0,0.39571986537012316,26.45481195175404,0.0085,0.0
1299,1571017200.0,0.3964776551668514,26.404811951754045,0.0085,0.0
1300,1571017260.0,0.3802101201312529,26.354811951754048,0.0085,0.0
1301,1571017320.0,0.38137119749964016,26.30481195175405,0.0085,0.0
1302,1571017380.0,0.38137119749964016,26.254811951754053,0.0085,0.0
1303,1571017440.0,0.38254309071205683,26.204811951754056,0.0085,0.0
1304,1571017500.0,0.38254309071205683,26.15481195175406,0.0085,0.0
1305,1571017560.0,0.3834086625645307,26.104811951754066,0.0085,0.0
1306,1571017620.0,0.3834086625645307,26.054811951754065,0.0085,0.0
1307,1571017680.0,0.3856360933653397,26.004811951754068,0.0085,0.0
1308,1571017740.0,0.38706593779185866,25.95481195175407,0.0085,0.0
1309,1571017800.0,0.3880742852113944,25.904811951754077,0.0085,0.0
1310,1571017860.0,0.39095632148629833,25.85481195175408,0.0085,0.0
1311,1571017920.0,0.39151740497693216,25.80481195175408,0.0085,0.0
1312,1571017980.0,0.40370128988730886,25.75481195175408,0.0085,0.0
1313,1571018040.0,0.40392795624531713,25.704811951754085,0.0085,0.0
1314,1571018100.0,0.40392795624531713,25.654811951754088,0.0085,0.0
1315,1571018160.0,0.40392795624531713,25.60481195175409,0.0085,0.0
1316,1571018220.0,0.4040369036327327,25.554811951754093,0.0085,0.0
1317,1571018280.0,0.40405904959351946,25.504811951754096,0.0085,0.0
1318,1571018340.0,0.40405904959351946,25.4548119517541,0.0085,0.0
1319,1571018400.0,0.4039838317338381,25.41639089912252,0.0085,0.0
1320,1571018460.0,0.4032625460111039,25.377969846490945,0.0085,0.0
1321,1571018520.0,0.402832914001159,25.339548793859368,0.0085,0.0
1322,1571018580.0,0.402832914001159,25.30112774122779,0.0085,0.0
1323,1571018640.0,0.402832914001159,25.26270668859621,0.0085,0.0
1324,1571018700.0,0.3927583568336677,25.22428563596464,0.0085,0.0
1325,1571018760.0,0.39212538428576155,25.18586458333306,0.0085,0.0
1326,1571018820.0,0.3909811385810684,25.147443530701484,0.0085,0.0
1327,1571018880.0,0.3898335669065507,25.109022478069907,0.0085,0.0
1328,1571018940.0,0.38850560684705165,25.07060142543833,0.0085,0.0
1329,1571019000.0,0.3883419445869805,25.032180372806756,0.0085,0.0
1330,1571019060.0,0.3867395576706469,24.993759320175176,0.0085,0.0
1331,1571019120.0,0.38477619094789955,24.9553382675436,0.0085,0.0
1332,1571019180.0,0.3847398531798987,24.916917214912026,0.0085,0.0
1333,1571019240.0,0.38465426381548823,24.878496162280445,0.0085,0.0
1334,1571019300.0,0.3821926641605527,24.84007510964887,0.0085,0.0
1335,1571019360.0,0.3786880665317212,24.80165405701729,0.0085,0.0
1336,1571019420.0,0.3757295765060772,24.763233004385715,0.0085,0.0
1337,1571019480.0,0.3736557541879395,24.724811951754138,0.0085,0.0
1338,1571019540.0,0.37219657010717155,24.68639089912256,0.0085,0.0
1339,1571019600.0,0.3718050555456738,24.647969846490984,0.0085,0.0
1340,1571019660.0,0.36763255653451554,24.609548793859407,0.0085,0.0
1341,1571019720.0,0.364119858293723,24.57112774122783,0.0085,0.0
1342,1571019780.0,0.363871898639369,24.532706688596253,0.0085,0.0
1343,1571019840.0,0.362733860886042,24.49428563596468,0.0085,0.0
1344,1571019900.0,0.359775011826663,24.4558645833331,0.0085,0.0
1345,1571019960.0,0.358827537899823,24.41744353070152,0.0085,0.0
1346,1571020020.0,0.35850689152024956,24.379022478069945,0.0085,0.0
1347,1571020080.0,0.3555129904035812,24.34060142543837,0.0085,0.0
1348,1571020140.0,0.3544719698909074,24.30218037280679,0.0085,0.0
1349,1571020200.0,0.34933202140230124,24.26375932017521,0.0085,0.0
1350,1571020260.0,0.3301318708328498,24.22533826754364,0.0085,0.0
1351,1571020320.0,0.3300402465808766,24.18691721491206,0.0085,0.0
1352,1571020380.0,0.3296577877110397,24.148496162280484,0.0085,0.0
1353,1571020440.0,0.3291439745273626,24.110075109648907,0.0085,0.0
1354,1571020500.0,0.3290364712945514,24.07165405701733,0.0085,0.0
1355,1571020560.0,0.3287045278040727,24.033233004385757,0.0085,0.0
1356,1571020620.0,0.32736744514548216,23.994811951754176,0.0085,0.0
1357,1571020680.0,0.32406917214911846,23.9563908991226,0.0085,0.0
1358,1571020740.0,0.3218744353070128,23.917969846491022,0.0085,0.0
1359,1571020800.0,0.3211428563596443,23.87954879385945,0.0085,0.0
1360,1571020860.0,0.3196796984649073,23.84112774122787,0.0085,0.0
1361,1571020920.0,0.29469624974974257,23.80270668859629,0.0085,0.0
1362,1571020980.0,0.29435654778648945,23.764285635964715,0.0085,0.0
1363,1571021040.0,0.2916015583525963,23.725864583333134,0.0085,0.0
1364,1571021100.0,0.2912525672239431,23.68744353070156,0.0085,0.0
1365,1571021160.0,0.29055154708443226,23.649022478069984,0.0085,0.0
1366,1571021220.0,0.2894924782635588,23.610601425438407,0.0085,0.0
1367,1571021280.0,0.2887814507008027,23.57218037280683,0.0085,0.0
1368,1571021340.0,0.287707513277621,23.533759320175253,0.0085,0.0
1369,1571021400.0,0.2840648910844296,23.49533826754368,0.0085,0.0
1370,1571021460.0,0.28369541442098645,23.4569172149121,0.0085,0.0
1371,1571021520.0,0.282953669427053,23.418496162280523,0.0085,0.0
1372,1571021580.0,0.28258140930573356,23.380075109648946,0.0085,0.0
1373,1571021640.0,0.28145912805606743,23.34165405701737,0.0085,0.0
1374,1571021700.0,0.27957057385161493,23.303233004385792,0.0085,0.0
1375,1571021760.0,0.2768895102945239,23.26481195175421,0.0085,0.0
1376,1571021820.0,0.2753385543983735,23.22639089912264,0.0085,0.0
1377,1571021880.0,0.2741665232203665,23.18796984649106,0.0085,0.0
1378,1571021940.0,0.27260731181634207,23.149548793859484,0.0085,0.0
1379,1571022000.0,0.27183575833448326,23.119197916666504,0.0065,0.0
1380,1571022060.0,0.2675407010530795,23.088847039473524,0.0065,0.0
1381,1571022120.0,0.2671460336878321,23.058496162280544,0.0065,0.0
1382,1571022180.0,0.26675068306828353,23.028145285087565,0.0065,0.0
1383,1571022240.0,0.26595794886745494,22.997794407894585,0.0065,0.0
1384,1571022300.0,0.26276052686106877,22.967443530701605,0.0065,0.0
1385,1571022360.0,0.2611464035055528,22.937092653508625,0.0065,0.0
1386,1571022420.0,0.2595223741090578,22.906741776315645,0.0065,0.0
1387,1571022480.0,0.25870673202683814,22.876390899122665,0.0065,0.0
1388,1571022540.0,0.2578887186127419,22.846040021929685,0.0065,0.0
1389,1571022600.0,0.25706836925591864,22.815689144736705,0.0065,0.0
1390,1571022660.0,0.25665732970022903,22.785338267543725,0.0065,0.0
1391,1571022720.0,0.25624571949936076,22.754987390350745,0.0065,0.0
1392,1571022780.0,0.25583354311981116,22.724636513157765,0.0065,0.0
1393,1571022840.0,0.25542080503737574,22.694285635964786,0.0065,0.0
1394,1571022900.0,0.25500750973706926,22.66393475877181,0.0065,0.0
1395,1571022960.0,0.2529328325781995,22.633583881578826,0.0065,0.0
1396,1571023020.0,0.25251628866212283,22.60323300438585,0.0065,0.0
1397,1571023080.0,0.2508449028850512,22.572882127192862,0.0065,0.0
1398,1571023140.0,0.2494576731596301,22.54253124999989,0.0065,0.0
1399,1571023200.0,0.2478383837653747,22.512180372806903,0.0065,0.0
1400,1571023260.0,0.24751367725932244,22.48182949561393,0.0065,0.0
1401,1571023320.0,0.24718869278896535,22.451478618420943,0.0065,0.0
1402,1571023380.0,0.24621209270743474,22.421127741227966,0.0065,0.0
1403,1571023440.0,0.24588601750825936,22.390776864034983,0.0065,0.0
1404,1571023500.0,0.24555967492193237,22.360425986842007,0.0065,0.0
1405,1571023560.0,0.2445790640838152,22.330075109649027,0.0065,0.0
1406,1571023620.0,0.2442516732051235,22.299724232456047,0.0065,0.0
1407,1571023680.0,0.2439240255797904,22.269373355263067,0.0065,0.0
1408,1571023740.0,0.2426109103570119,22.239022478070087,0.0065,0.0
1409,1571023800.0,0.24195286790050002,22.208671600877107,0.0065,0.0
1410,1571023860.0,0.241623482974179,22.178320723684127,0.0065,0.0
1411,1571023920.0,0.2409639964842213,22.147969846491147,0.0065,0.0
1412,1571023980.0,0.2403035688489398,22.117618969298167,0.0065,0.0
1413,1571024040.0,0.23931120054909097,22.087268092105187,0.0065,0.0
1414,1571024100.0,0.23665516760209823,22.056917214912207,0.0065,0.0
1415,1571024160.0,0.23532211186895985,22.026566337719228,0.0065,0.0
1416,1571024220.0,0.23197589806825067,21.996215460526248,0.0065,0.0
1417,1571024280.0,0.2313044689930636,21.965864583333268,0.0065,0.0
1418,1571024340.0,0.22747593811632744,21.935513706140288,0.0065,0.0
1419,1571024400.0,0.2265016830705096,21.905162828947308,0.0065,0.0
1420,1571024460.0,0.2261767047753056,21.874811951754328,0.0065,0.0
1421,1571024520.0,0.22520110861630813,21.844461074561348,0.0065,0.0
1422,1571024580.0,0.22455017339203442,21.814110197368368,0.0065,0.0
1423,1571024640.0,0.22422454843056813,21.78375932017539,0.0065,0.0
1424,1571024700.0,0.22292103062800947,21.75340844298241,0.0065,0.0
1425,1571024760.0,0.21965557685825707,21.72305756578943,0.0065,0.0
1426,1571024820.0,0.2190014299534984,21.69270668859645,0.0065,0.0
1427,1571024880.0,0.21834695596007833,21.66235581140347,0.0065,0.0
1428,1571024940.0,0.21736465511502054,21.63200493421049,0.0065,0.0
1429,1571025000.0,0.21670941028397306,21.60165405701751,0.0065,0.0
1430,1571025060.0,0.2163816786112317,21.57130317982453,0.0065,0.0
1431,1571025120.0,0.21572600346044407,21.54095230263155,0.0065,0.0
1432,1571025180.0,0.21507005485253738,21.51060142543857,0.0065,0.0
1433,1571025240.0,0.21441384353256918,21.48025054824559,0.0065,0.0
1434,1571025300.0,0.21408564271492783,21.44989967105261,0.0065,0.0
1435,1571025360.0,0.21014280929187784,21.41954879385963,0.0065,0.0
1436,1571025420.0,0.20981391204147656,21.38919791666665,0.0065,0.0
1437,1571025480.0,0.20915598645778288,21.35884703947367,0.0065,0.0
1438,1571025540.0,0.20882696082076901,21.32849616228069,0.0065,0.0
1439,1571025540.0,0.20882696082076901,21.32849616228069,0.0065,0.0
