datetime,energy_price,battery_charge,household_demand,solar_produced
1570939260.0,0.27906,0.0,0.004833333333333333,0.0
1570939320.0,0.27906,0.0,0.004833333333333333,0.0
1570939380.0,0.27906,0.0,0.004833333333333333,0.0
1570939440.0,0.27906,0.0,0.004833333333333333,0.0
1570939500.0,0.27906,0.0,0.004833333333333333,0.0
1570939560.0,0.27906,0.0,0.004833333333333333,0.0
1570939620.0,0.27906,0.0,0.004833333333333333,0.0
1570939680.0,0.27906,0.0,0.004833333333333333,0.0
1570939740.0,0.27906,0.0,0.004833333333333333,0.0
1570939800.0,0.27906,0.0,0.004833333333333333,0.0
1570939860.0,0.27906,0.0,0.004833333333333333,0.0
1570939920.0,0.27906,0.0,0.004833333333333333,0.0
1570939980.0,0.27906,0.0,0.004833333333333333,0.0
1570940040.0,0.27906,0.0,0.004833333333333333,0.0
1570940100.0,0.27906,0.0,0.004833333333333333,0.0
1570940160.0,0.27906,0.0,0.004833333333333333,0.0
1570940220.0,0.27906,0.0,0.004833333333333333,0.0
1570940280.0,0.27906,0.0,0.004833333333333333,0.0
1570940340.0,0.27906,0.0,0.004833333333333333,0.0
1570940400.0,0.27906,0.0,0.004833333333333333,0.0
1570940460.0,0.27906,0.0,0.004833333333333333,0.0
1570940520.0,0.27906,0.0,0.004833333333333333,0.0
1570940580.0,0.27906,0.0,0.004833333333333333,0.0
1570940640.0,0.27906,0.0,0.004833333333333333,0.0
1570940700.0,0.27906,0.0,0.004833333333333333,0.0
1570940760.0,0.27906,0.0,0.004833333333333333,0.0
1570940820.0,0.27906,0.0,0.004833333333333333,0.0
1570940880.0,0.27906,0.0,0.004833333333333333,0.0
1570940940.0,0.27906,0.0,0.004833333333333333,0.0
1570941000.0,0.27906,0.0,0.004833333333333333,0.0
1570941060.0,0.27906,0.0,0.004833333333333333,0.0
1570941120.0,0.27906,0.0,0.004833333333333333,0.0
1570941180.0,0.27906,0.0,0.004833333333333333,0.0
1570941240.0,0.27906,0.0,0.004833333333333333,0.0
1570941300.0,0.27906,0.0,0.004833333333333333,0.0
1570941360.0,0.27906,0.0,0.004833333333333333,0.0
1570941420.0,0.27906,0.0,0.004833333333333333,0.0
1570941480.0,0.27906,0.0,0.004833333333333333,0.0
1570941540.0,0.27906,0.0,0.004833333333333333,0.0
1570941600.0,0.27906,0.0,0.004833333333333333,0.0
1570941660.0,0.27906,0.0,0.004833333333333333,0.0
1570941720.0,0.27906,0.0,0.004833333333333333,0.0
1570941780.0,0.27906,0.0,0.004833333333333333,0.0
1570941840.0,0.27906,0.0,0.004833333333333333,0.0
1570941900.0,0.27906,0.0,0.004833333333333333,0.0
1570941960.0,0.27906,0.0,0.004833333333333333,0.0
1570942020.0,0.27906,0.0,0.004833333333333333,0.0
1570942080.0,0.27906,0.0,0.004833333333333333,0.0
1570942140.0,0.27906,0.0,0.004833333333333333,0.0
1570942200.0,0.27906,0.0,0.004833333333333333,0.0
1570942260.0,0.27906,0.0,0.004833333333333333,0.0
1570942320.0,0.27906,0.0,0.004833333333333333,0.0
1570942380.0,0.27906,0.0,0.004833333333333333,0.0
1570942440.0,0.27906,0.0,0.004833333333333333,0.0
1570942500.0,0.27906,0.0,0.004833333333333333,0.0
1570942560.0,0.27906,0.0,0.004833333333333333,0.0
1570942620.0,0.27906,0.0,0.004833333333333333,0.0
1570942680.0,0.27906,0.0,0.004833333333333333,0.0
1570942740.0,0.27906,0.0,0.004833333333333333,0.0
1570942800.0,0.27906,0.0,0.0028333333333333335,0.0
1570942860.0,0.27906,0.0,0.0028333333333333335,0.0
1570942920.0,0.27906,0.0,0.0028333333333333335,0.0
1570942980.0,0.27906,0.0,0.0028333333333333335,0.0
1570943040.0,0.27906,0.0,0.0028333333333333335,0.0
1570943100.0,0.27906,0.0,0.0028333333333333335,0.0
1570943160.0,0.27906,0.0,0.0028333333333333335,0.0
1570943220.0,0.27906,0.0,0.0028333333333333335,0.0
1570943280.0,0.27906,0.0,0.0028333333333333335,0.0
1570943340.0,0.27906,0.0,0.0028333333333333335,0.0
1570943400.0,0.27906,0.0,0.0028333333333333335,0.0
1570943460.0,0.27906,0.0,0.0028333333333333335,0.0
1570943520.0,0.27906,0.0,0.0028333333333333335,0.0
1570943580.0,0.27906,0.0,0.0028333333333333335,0.0
1570943640.0,0.27906,0.0,0.0028333333333333335,0.0
1570943700.0,0.27906,0.0,0.0028333333333333335,0.0
1570943760.0,0.27906,0.0,0.0028333333333333335,0.0
1570943820.0,0.27906,0.0,0.0028333333333333335,0.0
1570943880.0,0.27906,0.0,0.0028333333333333335,0.0
1570943940.0,0.27906,0.0,0.0028333333333333335,0.0
1570944000.0,0.27906,0.0,0.0028333333333333335,0.0
1570944060.0,0.27906,0.0,0.0028333333333333335,0.0
1570944120.0,0.27906,0.0,0.0028333333333333335,0.0
1570944180.0,0.27906,0.0,0.0028333333333333335,0.0
1570944240.0,0.27906,0.0,0.0028333333333333335,0.0
1570944300.0,0.27906,0.0,0.0028333333333333335,0.0
1570944360.0,0.27906,0.0,0.0028333333333333335,0.0
1570944420.0,0.27906,0.0,0.0028333333333333335,0.0
1570944480.0,0.27906,0.0,0.0028333333333333335,0.0
1570944540.0,0.27906,0.0,0.0028333333333333335,0.0
1570944600.0,0.27906,0.0,0.0028333333333333335,0.0
1570944660.0,0.27906,0.0,0.0028333333333333335,0.0
1570944720.0,0.27906,0.0,0.0028333333333333335,0.0
1570944780.0,0.27906,0.0,0.0028333333333333335,0.0
1570944840.0,0.27906,0.0,0.0028333333333333335,0.0
1570944900.0,0.27906,0.0,0.0028333333333333335,0.0
1570944960.0,0.27906,0.0,0.0028333333333333335,0.0
1570945020.0,0.27906,0.0,0.0028333333333333335,0.0
1570945080.0,0.27906,0.0,0.0028333333333333335,0.0
1570945140.0,0.27906,0.0,0.0028333333333333335,0.0
1570945200.0,0.27906,0.0,0.0028333333333333335,0.0
1570945260.0,0.27906,0.0,0.0028333333333333335,0.0
1570945320.0,0.27906,0.0,0.0028333333333333335,0.0
1570945380.0,0.27906,0.0,0.0028333333333333335,0.0
1570945440.0,0.27906,0.0,0.0028333333333333335,0.0
1570945500.0,0.27906,0.0,0.0028333333333333335,0.0
1570945560.0,0.27906,0.0,0.0028333333333333335,0.0
1570945620.0,0.27906,0.0,0.0028333333333333335,0.0
1570945680.0,0.27906,0.0,0.0028333333333333335,0.0
1570945740.0,0.27906,0.0,0.0028333333333333335,0.0
1570945800.0,0.27906,0.0,0.0028333333333333335,0.0
1570945860.0,0.27906,0.0,0.0028333333333333335,0.0
1570945920.0,0.27906,0.0,0.0028333333333333335,0.0
1570945980.0,0.27906,0.0,0.0028333333333333335,0.0
1570946040.0,0.27906,0.0,0.0028333333333333335,0.0
1570946100.0,0.27906,0.0,0.0028333333333333335,0.0
1570946160.0,0.27906,0.0,0.0028333333333333335,0.0
1570946220.0,0.27906,0.0,0.0028333333333333335,0.0
1570946280.0,0.27906,0.0,0.0028333333333333335,0.0
1570946340.0,0.27906,0.0,0.0028333333333333335,0.0
1570946400.0,0.27906,0.0,0.0026666666666666666,0.0
1570946460.0,0.27906,0.0,0.0026666666666666666,0.0
1570946520.0,0.27906,0.0,0.0026666666666666666,0.0
1570946580.0,0.27906,0.0,0.0026666666666666666,0.0
1570946640.0,0.27906,0.0,0.0026666666666666666,0.0
1570946700.0,0.27906,0.0,0.0026666666666666666,0.0
1570946760.0,0.27906,0.0,0.0026666666666666666,0.0
1570946820.0,0.27906,0.0,0.0026666666666666666,0.0
1570946880.0,0.27906,0.0,0.0026666666666666666,0.0
1570946940.0,0.27906,0.0,0.0026666666666666666,0.0
1570947000.0,0.27906,0.0,0.0026666666666666666,0.0
1570947060.0,0.27906,0.0,0.0026666666666666666,0.0
1570947120.0,0.27906,0.0,0.0026666666666666666,0.0
1570947180.0,0.27906,0.0,0.0026666666666666666,0.0
1570947240.0,0.27906,0.0,0.0026666666666666666,0.0
1570947300.0,0.27906,0.0,0.0026666666666666666,0.0
1570947360.0,0.27906,0.0,0.0026666666666666666,0.0
1570947420.0,0.27906,0.0,0.0026666666666666666,0.0
1570947480.0,0.27906,0.0,0.0026666666666666666,0.0
1570947540.0,0.27906,0.0,0.0026666666666666666,0.0
1570947600.0,0.27906,0.0,0.0026666666666666666,0.0
1570947660.0,0.27906,0.0,0.0026666666666666666,0.0
1570947720.0,0.27906,0.0,0.0026666666666666666,0.0
1570947780.0,0.27906,0.0,0.0026666666666666666,0.0
1570947840.0,0.27906,0.0,0.0026666666666666666,0.0
1570947900.0,0.27906,0.0,0.0026666666666666666,0.0
1570947960.0,0.27906,0.0,0.0026666666666666666,0.0
1570948020.0,0.27906,0.0,0.0026666666666666666,0.0
1570948080.0,0.27906,0.0,0.0026666666666666666,0.0
1570948140.0,0.27906,0.0,0.0026666666666666666,0.0
1570948200.0,0.27906,0.0,0.0026666666666666666,0.0
1570948260.0,0.27906,0.0,0.0026666666666666666,0.0
1570948320.0,0.27906,0.0,0.0026666666666666666,0.0
1570948380.0,0.27906,0.0,0.0026666666666666666,0.0
1570948440.0,0.27906,0.0,0.0026666666666666666,0.0
1570948500.0,0.27906,0.0,0.0026666666666666666,0.0
1570948560.0,0.27906,0.0,0.0026666666666666666,0.0
1570948620.0,0.27906,0.0,0.0026666666666666666,0.0
1570948680.0,0.27906,0.0,0.0026666666666666666,0.0
1570948740.0,0.27906,0.0,0.0026666666666666666,0.0
1570948800.0,0.27906,0.0,0.0026666666666666666,0.0
1570948860.0,0.27906,0.0,0.0026666666666666666,0.0
1570948920.0,0.27906,0.0,0.0026666666666666666,0.0
1570948980.0,0.27906,0.0,0.0026666666666666666,0.0
1570949040.0,0.27906,0.0,0.0026666666666666666,0.0
1570949100.0,0.27906,0.0,0.0026666666666666666,0.0
1570949160.0,0.27906,0.0,0.0026666666666666666,0.0
1570949220.0,0.27906,0.0,0.0026666666666666666,0.0
1570949280.0,0.27906,0.0,0.0026666666666666666,0.0
1570949340.0,0.27906,0.0,0.0026666666666666666,0.0
1570949400.0,0.27906,0.0,0.0026666666666666666,0.0
1570949460.0,0.27906,0.0,0.0026666666666666666,0.0
1570949520.0,0.27906,0.0,0.0026666666666666666,0.0
1570949580.0,0.27906,0.0,0.0026666666666666666,0.0
1570949640.0,0.27906,0.0,0.0026666666666666666,0.0
1570949700.0,0.27906,0.0,0.0026666666666666666,0.0
1570949760.0,0.27906,0.0,0.0026666666666666666,0.0
1570949820.0,0.27906,0.0,0.0026666666666666666,0.0
1570949880.0,0.27906,0.0,0.0026666666666666666,0.0
1570949940.0,0.27906,0.0,0.0026666666666666666,0.0
1570950000.0,0.27906,0.0,0.0028333333333333335,0.0
1570950060.0,0.27906,0.0,0.0028333333333333335,0.0
1570950120.0,0.27906,0.0,0.0028333333333333335,0.0
1570950180.0,0.27906,0.0,0.0028333333333333335,0.0
1570950240.0,0.27906,0.0,0.0028333333333333335,0.0
1570950300.0,0.27906,0.0,0.0028333333333333335,0.0
1570950360.0,0.27906,0.0,0.0028333333333333335,0.0
1570950420.0,0.27906,0.0,0.0028333333333333335,0.0
1570950480.0,0.27906,0.0,0.0028333333333333335,0.0
1570950540.0,0.27906,0.0,0.0028333333333333335,0.0
1570950600.0,0.27906,0.0,0.0028333333333333335,0.0
1570950660.0,0.27906,0.0,0.0028333333333333335,0.0
1570950720.0,0.27906,0.0,0.0028333333333333335,0.0
1570950780.0,0.27906,0.0,0.0028333333333333335,0.0
1570950840.0,0.27906,0.0,0.0028333333333333335,0.0
1570950900.0,0.27906,0.0,0.0028333333333333335,0.0
1570950960.0,0.27906,0.0,0.0028333333333333335,0.0
1570951020.0,0.27906,0.0,0.0028333333333333335,0.0
1570951080.0,0.27906,0.0,0.0028333333333333335,0.0
1570951140.0,0.27906,0.0,0.0028333333333333335,0.0
1570951200.0,0.27906,0.0,0.0028333333333333335,0.0
1570951260.0,0.27906,0.0,0.0028333333333333335,0.0
1570951320.0,0.27906,0.0,0.0028333333333333335,0.0
1570951380.0,0.27906,0.0,0.0028333333333333335,0.0
1570951440.0,0.27906,0.0,0.0028333333333333335,0.0
1570951500.0,0.27906,0.0,0.0028333333333333335,0.0
1570951560.0,0.27906,0.0,0.0028333333333333335,0.0
1570951620.0,0.27906,0.0,0.0028333333333333335,0.0
1570951680.0,0.27906,0.0,0.0028333333333333335,0.0
1570951740.0,0.27906,0.0,0.0028333333333333335,0.0
1570951800.0,0.27906,0.0,0.0028333333333333335,0.0
1570951860.0,0.27906,0.0,0.0028333333333333335,0.0
1570951920.0,0.27906,0.0,0.0028333333333333335,0.0
1570951980.0,0.27906,0.0,0.0028333333333333335,0.0
1570952040.0,0.27906,0.0,0.0028333333333333335,0.0
1570952100.0,0.27906,0.0,0.0028333333333333335,0.0
1570952160.0,0.27906,0.0,0.0028333333333333335,0.0
1570952220.0,0.27906,0.0,0.0028333333333333335,0.0
1570952280.0,0.27906,0.0,0.0028333333333333335,0.0
1570952340.0,0.27906,0.0,0.0028333333333333335,0.0
1570952400.0,0.27906,0.0,0.0028333333333333335,0.0
1570952460.0,0.27906,0.0,0.0028333333333333335,0.0
1570952520.0,0.27906,0.0,0.0028333333333333335,0.0
1570952580.0,0.27906,0.0,0.0028333333333333335,0.0
1570952640.0,0.27906,0.0,0.0028333333333333335,0.0
1570952700.0,0.27906,0.0,0.0028333333333333335,0.0
1570952760.0,0.27906,0.0,0.0028333333333333335,0.0
1570952820.0,0.27906,0.0,0.0028333333333333335,0.0
1570952880.0,0.27906,0.0,0.0028333333333333335,0.0
1570952940.0,0.27906,0.0,0.0028333333333333335,0.0
1570953000.0,0.27906,0.0,0.0028333333333333335,0.0
1570953060.0,0.27906,0.0,0.0028333333333333335,0.0
1570953120.0,0.27906,0.0,0.0028333333333333335,0.0
1570953180.0,0.27906,0.0,0.0028333333333333335,0.0
1570953240.0,0.27906,0.0,0.0028333333333333335,0.0
1570953300.0,0.27906,0.0,0.0028333333333333335,0.0
1570953360.0,0.27906,0.0,0.0028333333333333335,0.0
1570953420.0,0.27906,0.0,0.0028333333333333335,0.0
1570953480.0,0.27906,0.0,0.0028333333333333335,0.0
1570953540.0,0.27906,0.0,0.0028333333333333335,0.0
1570953600.0,0.34163,0.0,0.0026666666666666666,0.0
1570953660.0,0.34163,0.0,0.0026666666666666666,0.0
1570953720.0,0.34163,0.0,0.0026666666666666666,0.0
1570953780.0,0.34163,0.0,0.0026666666666666666,0.0
1570953840.0,0.34163,0.0,0.0026666666666666666,0.0
1570953900.0,0.34163,0.0,0.0026666666666666666,0.0
1570953960.0,0.34163,0.0,0.0026666666666666666,0.0
1570954020.0,0.34163,0.0,0.0026666666666666666,0.0
1570954080.0,0.34163,0.0,0.0026666666666666666,0.0
1570954140.0,0.34163,0.0,0.0026666666666666666,0.0
1570954200.0,0.34163,0.0,0.0026666666666666666,0.0
1570954260.0,0.34163,0.0,0.0026666666666666666,0.0
1570954320.0,0.34163,0.0,0.0026666666666666666,0.0
1570954380.0,0.34163,0.0,0.0026666666666666666,0.0
1570954440.0,0.34163,0.0,0.0026666666666666666,0.0
1570954500.0,0.34163,0.0,0.0026666666666666666,0.0
1570954560.0,0.34163,0.0,0.0026666666666666666,0.0
1570954620.0,0.34163,0.0,0.0026666666666666666,0.0
1570954680.0,0.34163,0.0,0.0026666666666666666,0.0
1570954740.0,0.34163,0.0,0.0026666666666666666,0.0
1570954800.0,0.34163,0.0,0.0026666666666666666,0.0
1570954860.0,0.34163,0.0,0.0026666666666666666,0.0
1570954920.0,0.34163,0.0,0.0026666666666666666,0.0
1570954980.0,0.34163,0.0,0.0026666666666666666,0.0
1570955040.0,0.34163,0.0,0.0026666666666666666,0.0
1570955100.0,0.34163,0.0,0.0026666666666666666,0.0
1570955160.0,0.34163,0.0,0.0026666666666666666,0.0
1570955220.0,0.34163,0.0,0.0026666666666666666,0.0
1570955280.0,0.34163,0.0,0.0026666666666666666,0.0
1570955340.0,0.34163,0.0,0.0026666666666666666,0.0
1570955400.0,0.34163,0.0,0.0026666666666666666,0.0
1570955460.0,0.34163,0.0,0.0026666666666666666,0.0
1570955520.0,0.34163,0.0,0.0026666666666666666,0.0
1570955580.0,0.34163,0.0,0.0026666666666666666,0.0
1570955640.0,0.34163,0.0,0.0026666666666666666,0.0
1570955700.0,0.34163,0.0,0.0026666666666666666,0.0
1570955760.0,0.34163,0.0,0.0026666666666666666,0.0
1570955820.0,0.34163,0.0,0.0026666666666666666,0.0
1570955880.0,0.34163,0.0,0.0026666666666666666,0.0
1570955940.0,0.34163,0.0,0.0026666666666666666,0.0
1570956000.0,0.34163,0.0,0.0026666666666666666,0.0
1570956060.0,0.34163,0.0,0.0026666666666666666,0.0
1570956120.0,0.34163,0.0,0.0026666666666666666,0.0
1570956180.0,0.34163,0.0,0.0026666666666666666,0.0
1570956240.0,0.34163,0.0,0.0026666666666666666,0.0
1570956300.0,0.34163,0.0,0.0026666666666666666,0.0
1570956360.0,0.34163,0.0,0.0026666666666666666,0.0
1570956420.0,0.34163,0.0,0.0026666666666666666,0.0
1570956480.0,0.34163,0.0,0.0026666666666666666,0.0
1570956540.0,0.34163,0.0,0.0026666666666666666,0.0
1570956600.0,0.34163,0.0,0.0026666666666666666,0.0
1570956660.0,0.34163,0.0,0.0026666666666666666,0.0
1570956720.0,0.34163,0.0,0.0026666666666666666,0.0
1570956780.0,0.34163,0.0,0.0026666666666666666,0.0
1570956840.0,0.34163,0.0,0.0026666666666666666,0.0
1570956900.0,0.34163,0.0,0.0026666666666666666,0.0
1570956960.0,0.34163,0.0,0.0026666666666666666,0.0
1570957020.0,0.34163,0.0,0.0026666666666666666,0.0
1570957080.0,0.34163,0.0,0.0026666666666666666,0.0
1570957140.0,0.34163,0.0,0.0026666666666666666,0.0
1570957200.0,0.34163,0.0,0.0026666666666666666,0.0
1570957260.0,0.34163,0.0,0.0026666666666666666,0.0
1570957320.0,0.34163,0.0,0.0026666666666666666,0.0
1570957380.0,0.34163,0.0,0.0026666666666666666,0.0
1570957440.0,0.34163,0.0,0.0026666666666666666,0.0
1570957500.0,0.34163,0.0,0.0026666666666666666,0.0
1570957560.0,0.34163,0.0,0.0026666666666666666,0.0
1570957620.0,0.34163,0.0,0.0026666666666666666,0.0
1570957680.0,0.34163,0.0,0.0026666666666666666,0.0
1570957740.0,0.34163,0.0,0.0026666666666666666,0.0
1570957800.0,0.34163,0.0,0.0026666666666666666,0.0
1570957860.0,0.34163,0.0,0.0026666666666666666,0.0
1570957920.0,0.34163,0.0,0.0026666666666666666,0.0
1570957980.0,0.34163,0.0,0.0026666666666666666,0.0
1570958040.0,0.34163,0.0,0.0026666666666666666,0.0
1570958100.0,0.34163,0.0,0.0026666666666666666,0.0
1570958160.0,0.34163,0.0,0.0026666666666666666,0.0
1570958220.0,0.34163,0.0,0.0026666666666666666,0.0
1570958280.0,0.34163,0.0,0.0026666666666666666,0.0
1570958340.0,0.34163,0.0,0.0026666666666666666,0.0
1570958400.0,0.34163,0.0,0.0026666666666666666,0.0
1570958460.0,0.34163,0.0,0.0026666666666666666,0.0
1570958520.0,0.34163,0.0,0.0026666666666666666,0.0
1570958580.0,0.34163,0.0,0.0026666666666666666,0.0
1570958640.0,0.34163,0.0,0.0026666666666666666,0.0
1570958700.0,0.34163,0.0,0.0026666666666666666,0.0
1570958760.0,0.34163,0.0,0.0026666666666666666,0.0
1570958820.0,0.34163,0.0,0.0026666666666666666,0.0
1570958880.0,0.34163,0.0,0.0026666666666666666,0.0
1570958940.0,0.34163,0.0,0.0026666666666666666,0.0
1570959000.0,0.34163,0.0,0.0026666666666666666,0.0
1570959060.0,0.34163,0.0,0.0026666666666666666,0.0
1570959120.0,0.34163,0.0,0.0026666666666666666,0.0
1570959180.0,0.34163,0.0,0.0026666666666666666,0.0
1570959240.0,0.34163,0.0,0.0026666666666666666,0.0
1570959300.0,0.34163,0.0,0.0026666666666666666,0.0
1570959360.0,0.34163,0.0,0.0026666666666666666,0.0
1570959420.0,0.34163,0.0,0.0026666666666666666,0.0
1570959480.0,0.34163,0.0,0.0026666666666666666,0.0
1570959540.0,0.34163,0.0,0.0026666666666666666,0.0
1570959600.0,0.34163,0.0,0.0026666666666666666,0.0
1570959660.0,0.34163,0.0,0.0026666666666666666,0.0
1570959720.0,0.34163,0.0,0.0026666666666666666,0.0
1570959780.0,0.34163,0.0,0.0026666666666666666,0.0
1570959840.0,0.34163,0.0,0.0026666666666666666,0.0
1570959900.0,0.34163,0.0,0.0026666666666666666,0.0
1570959960.0,0.34163,0.0,0.0026666666666666666,0.0
1570960020.0,0.34163,0.0,0.0026666666666666666,0.0
1570960080.0,0.34163,0.0,0.0026666666666666666,0.0
1570960140.0,0.34163,0.0,0.0026666666666666666,0.0
1570960200.0,0.34163,0.0,0.0026666666666666666,0.0
1570960260.0,0.34163,0.0,0.0026666666666666666,0.0
1570960320.0,0.34163,0.0,0.0026666666666666666,0.0
1570960380.0,0.34163,0.0,0.0026666666666666666,0.0
1570960440.0,0.34163,0.0,0.0026666666666666666,0.0
1570960500.0,0.34163,0.0,0.0026666666666666666,0.0
1570960560.0,0.34163,0.0,0.0026666666666666666,0.0
1570960620.0,0.34163,0.0,0.0026666666666666666,0.0
1570960680.0,0.34163,0.0,0.0026666666666666666,0.0
1570960740.0,0.34163,0.0,0.0026666666666666666,0.0
1570960800.0,0.34163,0.0,0.0025,0.0
1570960860.0,0.34163,0.0,0.0025,0.0
1570960920.0,0.34163,0.0,0.0025,0.0
1570960980.0,0.34163,0.0,0.0025,0.0
1570961040.0,0.34163,0.0,0.0025,0.0
1570961100.0,0.34163,0.0,0.0025,0.0
1570961160.0,0.34163,0.0,0.0025,0.0
1570961220.0,0.34163,0.0,0.0025,0.0
1570961280.0,0.34163,0.0,0.0025,0.0
1570961340.0,0.34163,0.0,0.0025,0.0
1570961400.0,0.34163,0.0,0.0025,0.0
1570961460.0,0.34163,0.0,0.0025,0.0
1570961520.0,0.34163,0.0,0.0025,0.0
1570961580.0,0.34163,0.0,0.0025,0.0
1570961640.0,0.34163,0.0,0.0025,0.0
1570961700.0,0.34163,0.0,0.0025,0.0
1570961760.0,0.34163,0.0,0.0025,0.0
1570961820.0,0.34163,0.0,0.0025,0.0
1570961880.0,0.34163,0.0,0.0025,0.0
1570961940.0,0.34163,0.0,0.0025,0.0
1570962000.0,0.34163,0.0,0.0025,0.0
1570962060.0,0.34163,0.0,0.0025,0.0
1570962120.0,0.34163,0.0,0.0025,0.0
1570962180.0,0.34163,0.0,0.0025,0.0
1570962240.0,0.34163,0.0,0.0025,0.0
1570962300.0,0.34163,0.0,0.0025,0.0
1570962360.0,0.34163,0.0,0.0025,0.0
1570962420.0,0.34163,0.0,0.0025,0.0
1570962480.0,0.34163,0.0,0.0025,0.0
1570962540.0,0.34163,0.0,0.0025,0.0
1570962600.0,0.34163,0.0,0.0025,0.0
1570962660.0,0.34163,0.0,0.0025,0.0
1570962720.0,0.34163,0.0,0.0025,0.0
1570962780.0,0.34163,0.0,0.0025,0.0
1570962840.0,0.34163,0.0,0.0025,0.0
1570962900.0,0.34163,0.0,0.0025,0.0
1570962960.0,0.34163,0.0,0.0025,0.0
1570963020.0,0.34163,0.0,0.0025,0.0
1570963080.0,0.34163,0.0,0.0025,0.0
1570963140.0,0.34163,0.0,0.0025,0.0
1570963200.0,0.34163,0.0,0.0025,0.0
1570963260.0,0.34163,0.0,0.0025,0.0
1570963320.0,0.34163,0.0,0.0025,0.0
1570963380.0,0.34163,0.0,0.0025,0.0
1570963440.0,0.34163,0.0,0.0025,0.0
1570963500.0,0.34163,0.0,0.0025,0.0
1570963560.0,0.34163,0.0,0.0025,0.0
1570963620.0,0.34163,0.0,0.0025,0.0
1570963680.0,0.34163,0.0,0.0025,0.0
1570963740.0,0.34163,0.0,0.0025,0.0
1570963800.0,0.34163,0.0,0.0025,0.0
1570963860.0,0.34163,0.0,0.0025,0.0
1570963920.0,0.34163,0.0,0.0025,0.0
1570963980.0,0.34163,0.0,0.0025,0.0
1570964040.0,0.34163,0.0,0.0025,0.0
1570964100.0,0.34163,0.0,0.0025,0.0
1570964160.0,0.34163,0.0,0.0025,0.0
1570964220.0,0.34163,0.0,0.0025,0.0
1570964280.0,0.34163,0.0,0.0025,0.0
1570964340.0,0.34163,0.0,0.0025,0.0
1570964400.0,0.34163,0.0,0.0023333333333333335,0.0016666666666666666
1570964460.0,0.34163,0.0,0.0023333333333333335,0.0016666666666666666
1570964520.0,0.34163,0.0,0.0023333333333333335,0.0016666666666666666
1570964580.0,0.34163,0.0,0.0023333333333333335,0.0016666666666666666
1570964640.0,0.34163,0.0,0.0023333333333333335,0.0016666666666666666
1570964700.0,0.34163,0.0,0.0023333333333333335,0.0015416666666666664
1570964760.0,0.34163,0.0,0.0023333333333333335,0.0015416666666666664
1570964820.0,0.34163,0.0,0.0023333333333333335,0.0015416666666666664
1570964880.0,0.34163,0.0,0.0023333333333333335,0.0015416666666666664
1570964940.0,0.34163,0.0,0.0023333333333333335,0.0015416666666666664
1570965000.0,0.34163,0.0,0.0023333333333333335,0.0025416666666666665
1570965060.0,0.34163,0.0,0.0023333333333333335,0.0025416666666666665
1570965120.0,0.34163,0.0,0.0023333333333333335,0.0025416666666666665
1570965180.0,0.34163,0.0,0.0023333333333333335,0.0025416666666666665
1570965240.0,0.34163,0.0,0.0023333333333333335,0.0025416666666666665
1570965300.0,0.34163,0.0,0.0023333333333333335,0.0037916666666666663
1570965360.0,0.34163,0.0,0.0023333333333333335,0.0037916666666666663
1570965420.0,0.34163,0.0,0.0023333333333333335,0.0037916666666666663
1570965480.0,0.34163,0.0,0.0023333333333333335,0.0037916666666666663
1570965540.0,0.34163,0.0,0.0023333333333333335,0.0037916666666666663
1570965600.0,0.34163,0.0,0.0023333333333333335,0.006166666666666666
1570965660.0,0.34163,0.0,0.0023333333333333335,0.006166666666666666
1570965720.0,0.34163,0.0,0.0023333333333333335,0.006166666666666666
1570965780.0,0.34163,0.0,0.0023333333333333335,0.006166666666666666
1570965840.0,0.34163,0.0,0.0023333333333333335,0.006166666666666666
1570965900.0,0.34163,0.0,0.0023333333333333335,0.010124999999999999
1570965960.0,0.34163,0.0,0.0023333333333333335,0.010124999999999999
1570966020.0,0.34163,0.0,0.0023333333333333335,0.010124999999999999
1570966080.0,0.34163,0.0,0.0023333333333333335,0.010124999999999999
1570966140.0,0.34163,0.0,0.0023333333333333335,0.010124999999999999
1570966200.0,0.34163,0.0,0.0023333333333333335,0.014333333333333332
1570966260.0,0.34163,0.0,0.0023333333333333335,0.014333333333333332
1570966320.0,0.34163,0.0,0.0023333333333333335,0.014333333333333332
1570966380.0,0.34163,0.0,0.0023333333333333335,0.014333333333333332
1570966440.0,0.34163,0.0,0.0023333333333333335,0.014333333333333332
1570966500.0,0.34163,0.0,0.0023333333333333335,0.02225
1570966560.0,0.34163,0.0,0.0023333333333333335,0.02225
1570966620.0,0.34163,0.0,0.0023333333333333335,0.02225
1570966680.0,0.34163,0.0,0.0023333333333333335,0.02225
1570966740.0,0.34163,0.0,0.0023333333333333335,0.02225
1570966800.0,0.34163,0.0,0.0023333333333333335,0.028833333333333332
1570966860.0,0.34163,0.0,0.0023333333333333335,0.028833333333333332
1570966920.0,0.34163,0.0,0.0023333333333333335,0.028833333333333332
1570966980.0,0.34163,0.0,0.0023333333333333335,0.028833333333333332
1570967040.0,0.34163,0.0,0.0023333333333333335,0.028833333333333332
1570967100.0,0.34163,0.0,0.0023333333333333335,0.033791666666666664
1570967160.0,0.34163,0.0,0.0023333333333333335,0.033791666666666664
1570967220.0,0.34163,0.0,0.0023333333333333335,0.033791666666666664
1570967280.0,0.34163,0.0,0.0023333333333333335,0.033791666666666664
1570967340.0,0.34163,0.0,0.0023333333333333335,0.033791666666666664
1570967400.0,0.34163,0.0,0.0023333333333333335,0.04012500000000001
1570967460.0,0.34163,0.0,0.0023333333333333335,0.04012500000000001
1570967520.0,0.34163,0.0,0.0023333333333333335,0.04012500000000001
1570967580.0,0.34163,0.0,0.0023333333333333335,0.04012500000000001
1570967640.0,0.34163,0.0,0.0023333333333333335,0.04012500000000001
1570967700.0,0.34163,0.0,0.0023333333333333335,0.04545833333333333
1570967760.0,0.34163,0.0,0.0023333333333333335,0.04545833333333333
1570967820.0,0.34163,0.0,0.0023333333333333335,0.04545833333333333
1570967880.0,0.34163,0.0,0.0023333333333333335,0.04545833333333333
1570967940.0,0.34163,0.0,0.0023333333333333335,0.04545833333333333
1570968000.0,0.34163,0.0,0.011833333333333333,0.051
1570968060.0,0.34163,0.0,0.011833333333333333,0.051
1570968120.0,0.34163,0.0,0.011833333333333333,0.051
1570968180.0,0.34163,0.0,0.011833333333333333,0.051
1570968240.0,0.34163,0.0,0.011833333333333333,0.051
1570968300.0,0.34163,0.0,0.011833333333333333,0.058124999999999996
1570968360.0,0.34163,0.0,0.011833333333333333,0.058124999999999996
1570968420.0,0.34163,0.0,0.011833333333333333,0.058124999999999996
1570968480.0,0.34163,0.0,0.011833333333333333,0.058124999999999996
1570968540.0,0.34163,0.0,0.011833333333333333,0.058124999999999996
1570968600.0,0.34163,0.0,0.011833333333333333,0.063875
1570968660.0,0.34163,0.0,0.011833333333333333,0.063875
1570968720.0,0.34163,0.0,0.011833333333333333,0.063875
1570968780.0,0.34163,0.0,0.011833333333333333,0.063875
1570968840.0,0.34163,0.0,0.011833333333333333,0.063875
1570968900.0,0.34163,0.0,0.011833333333333333,0.06929166666666665
1570968960.0,0.34163,0.0,0.011833333333333333,0.06929166666666665
1570969020.0,0.34163,0.0,0.011833333333333333,0.06929166666666665
1570969080.0,0.34163,0.0,0.011833333333333333,0.06929166666666665
1570969140.0,0.34163,0.0,0.011833333333333333,0.06929166666666665
1570969200.0,0.34163,0.0,0.011833333333333333,0.074625
1570969260.0,0.34163,0.0,0.011833333333333333,0.074625
1570969320.0,0.34163,0.0,0.011833333333333333,0.074625
1570969380.0,0.34163,0.0,0.011833333333333333,0.074625
1570969440.0,0.34163,0.0,0.011833333333333333,0.074625
1570969500.0,0.34163,0.0,0.011833333333333333,0.07983333333333331
1570969560.0,0.34163,0.0,0.011833333333333333,0.07983333333333331
1570969620.0,0.34163,0.0,0.011833333333333333,0.07983333333333331
1570969680.0,0.34163,0.0,0.011833333333333333,0.07983333333333331
1570969740.0,0.34163,0.0,0.011833333333333333,0.07983333333333331
1570969800.0,0.34163,0.0,0.011833333333333333,0.08508333333333333
1570969860.0,0.34163,0.0,0.011833333333333333,0.08508333333333333
1570969920.0,0.34163,0.0,0.011833333333333333,0.08508333333333333
1570969980.0,0.34163,0.0,0.011833333333333333,0.08508333333333333
1570970040.0,0.34163,0.0,0.011833333333333333,0.08508333333333333
1570970100.0,0.34163,0.0,0.011833333333333333,0.09237499999999998
1570970160.0,0.34163,0.0,0.011833333333333333,0.09237499999999998
1570970220.0,0.34163,0.0,0.011833333333333333,0.09237499999999998
1570970280.0,0.34163,0.0,0.011833333333333333,0.09237499999999998
1570970340.0,0.34163,0.0,0.011833333333333333,0.09237499999999998
1570970400.0,0.34163,0.0,0.011833333333333333,0.09883333333333333
1570970460.0,0.34163,0.0,0.011833333333333333,0.09883333333333333
1570970520.0,0.34163,0.0,0.011833333333333333,0.09883333333333333
1570970580.0,0.34163,0.0,0.011833333333333333,0.09883333333333333
1570970640.0,0.34163,0.0,0.011833333333333333,0.09883333333333333
1570970700.0,0.34163,0.0,0.011833333333333333,0.104375
1570970760.0,0.34163,0.0,0.011833333333333333,0.104375
1570970820.0,0.34163,0.0,0.011833333333333333,0.104375
1570970880.0,0.34163,0.0,0.011833333333333333,0.104375
1570970940.0,0.34163,0.0,0.011833333333333333,0.104375
1570971000.0,0.34163,0.0,0.011833333333333333,0.109375
1570971060.0,0.34163,0.0,0.011833333333333333,0.109375
1570971120.0,0.34163,0.0,0.011833333333333333,0.109375
1570971180.0,0.34163,0.0,0.011833333333333333,0.109375
1570971240.0,0.34163,0.0,0.011833333333333333,0.109375
1570971300.0,0.34163,0.0,0.011833333333333333,0.11445833333333333
1570971360.0,0.34163,0.0,0.011833333333333333,0.11445833333333333
1570971420.0,0.34163,0.0,0.011833333333333333,0.11445833333333333
1570971480.0,0.34163,0.0,0.011833333333333333,0.11445833333333333
1570971540.0,0.34163,0.0,0.011833333333333333,0.11445833333333333
1570971600.0,0.34163,0.27549999999999997,0.004166666666666667,0.11970833333333333
1570971660.0,0.34163,0.5509999999999999,0.004166666666666667,0.11970833333333333
1570971720.0,0.34163,0.8264999999999998,0.004166666666666667,0.11970833333333333
1570971780.0,0.34163,1.1019999999999999,0.004166666666666667,0.11970833333333333
1570971840.0,0.34163,1.3775,0.004166666666666667,0.11970833333333333
1570971900.0,0.34163,1.6529999999999998,0.004166666666666667,0.12466666666666666
1570971960.0,0.34163,1.9284999999999999,0.004166666666666667,0.12466666666666666
1570972020.0,0.34163,2.2039999999999997,0.004166666666666667,0.12466666666666666
1570972080.0,0.34163,2.4795,0.004166666666666667,0.12466666666666666
1570972140.0,0.34163,2.755,0.004166666666666667,0.12466666666666666
1570972200.0,0.34163,3.0305,0.004166666666666667,0.12945833333333331
1570972260.0,0.34163,3.3059999999999996,0.004166666666666667,0.12945833333333331
1570972320.0,0.34163,3.5814999999999997,0.004166666666666667,0.12945833333333331
1570972380.0,0.34163,3.8569999999999998,0.004166666666666667,0.12945833333333331
1570972440.0,0.34163,4.132499999999999,0.004166666666666667,0.12945833333333331
1570972500.0,0.34163,4.4079999999999995,0.004166666666666667,0.13420833333333332
1570972560.0,0.34163,4.6834999999999996,0.004166666666666667,0.13420833333333332
1570972620.0,0.34163,4.958999999999999,0.004166666666666667,0.13420833333333332
1570972680.0,0.34163,5.234499999999999,0.004166666666666667,0.13420833333333332
1570972740.0,0.34163,5.509999999999999,0.004166666666666667,0.13420833333333332
1570972800.0,0.34163,5.785499999999999,0.004166666666666667,0.138625
1570972860.0,0.34163,6.060999999999999,0.004166666666666667,0.138625
1570972920.0,0.34163,6.336499999999999,0.004166666666666667,0.138625
1570972980.0,0.34163,6.611999999999999,0.004166666666666667,0.138625
1570973040.0,0.34163,6.887499999999999,0.004166666666666667,0.138625
1570973100.0,0.34163,7.162999999999999,0.004166666666666667,0.14304166666666665
1570973160.0,0.34163,7.4384999999999994,0.004166666666666667,0.14304166666666665
1570973220.0,0.34163,7.7139999999999995,0.004166666666666667,0.14304166666666665
1570973280.0,0.34163,7.9895,0.004166666666666667,0.14304166666666665
1570973340.0,0.34163,8.264999999999999,0.004166666666666667,0.14304166666666665
1570973400.0,0.34163,8.264999999999999,0.004166666666666667,0.14754166666666665
1570973460.0,0.34163,8.264999999999999,0.004166666666666667,0.14754166666666665
1570973520.0,0.34163,8.264999999999999,0.004166666666666667,0.14754166666666665
1570973580.0,0.34163,8.264999999999999,0.004166666666666667,0.14754166666666665
1570973640.0,0.34163,8.264999999999999,0.004166666666666667,0.14754166666666665
1570973700.0,0.34163,8.264999999999999,0.004166666666666667,0.15225
1570973760.0,0.34163,8.264999999999999,0.004166666666666667,0.15225
1570973820.0,0.34163,8.264999999999999,0.004166666666666667,0.15225
1570973880.0,0.34163,8.264999999999999,0.004166666666666667,0.15225
1570973940.0,0.34163,8.264999999999999,0.004166666666666667,0.15225
1570974000.0,0.34163,8.264999999999999,0.004166666666666667,0.15591666666666665
1570974060.0,0.34163,8.264999999999999,0.004166666666666667,0.15591666666666665
1570974120.0,0.34163,8.264999999999999,0.004166666666666667,0.15591666666666665
1570974180.0,0.34163,8.264999999999999,0.004166666666666667,0.15591666666666665
1570974240.0,0.34163,8.264999999999999,0.004166666666666667,0.15591666666666665
1570974300.0,0.34163,8.264999999999999,0.004166666666666667,0.15983333333333333
1570974360.0,0.34163,8.264999999999999,0.004166666666666667,0.15983333333333333
1570974420.0,0.34163,8.264999999999999,0.004166666666666667,0.15983333333333333
1570974480.0,0.34163,8.264999999999999,0.004166666666666667,0.15983333333333333
1570974540.0,0.34163,8.264999999999999,0.004166666666666667,0.15983333333333333
1570974600.0,0.34163,8.264999999999999,0.004166666666666667,0.16341666666666665
1570974660.0,0.34163,8.264999999999999,0.004166666666666667,0.16341666666666665
1570974720.0,0.34163,8.264999999999999,0.004166666666666667,0.16341666666666665
1570974780.0,0.34163,8.264999999999999,0.004166666666666667,0.16341666666666665
1570974840.0,0.34163,8.264999999999999,0.004166666666666667,0.16341666666666665
1570974900.0,0.34163,8.264999999999999,0.004166666666666667,0.16691666666666666
1570974960.0,0.34163,8.264999999999999,0.004166666666666667,0.16691666666666666
1570975020.0,0.34163,8.264999999999999,0.004166666666666667,0.16691666666666666
1570975080.0,0.34163,8.264999999999999,0.004166666666666667,0.16691666666666666
1570975140.0,0.34163,8.264999999999999,0.004166666666666667,0.16691666666666666
1570975200.0,0.27906,8.540499999999998,0.004,0.17062500000000003
1570975260.0,0.27906,8.815999999999999,0.004,0.17062500000000003
1570975320.0,0.27906,9.091499999999998,0.004,0.17062500000000003
1570975380.0,0.27906,9.366999999999999,0.004,0.17062500000000003
1570975440.0,0.27906,9.642499999999998,0.004,0.17062500000000003
1570975500.0,0.27906,9.917999999999997,0.004,0.173875
1570975560.0,0.27906,10.193499999999997,0.004,0.173875
1570975620.0,0.27906,10.468999999999996,0.004,0.173875
1570975680.0,0.27906,10.744499999999997,0.004,0.173875
1570975740.0,0.27906,11.019999999999996,0.004,0.173875
1570975800.0,0.27906,11.295499999999995,0.004,0.177375
1570975860.0,0.27906,11.570999999999994,0.004,0.177375
1570975920.0,0.27906,11.846499999999994,0.004,0.177375
1570975980.0,0.27906,12.121999999999993,0.004,0.177375
1570976040.0,0.27906,12.397499999999994,0.004,0.177375
1570976100.0,0.27906,12.672999999999993,0.004,0.181125
1570976160.0,0.27906,12.948499999999992,0.004,0.181125
1570976220.0,0.27906,13.223999999999993,0.004,0.181125
1570976280.0,0.27906,13.499499999999992,0.004,0.181125
1570976340.0,0.27906,13.774999999999991,0.004,0.181125
1570976400.0,0.27906,14.050499999999992,0.004,0.18458333333333332
1570976460.0,0.27906,14.325999999999992,0.004,0.18458333333333332
1570976520.0,0.27906,14.601499999999993,0.004,0.18458333333333332
1570976580.0,0.27906,14.876999999999992,0.004,0.18458333333333332
1570976640.0,0.27906,15.152499999999991,0.004,0.18458333333333332
1570976700.0,0.27906,15.42799999999999,0.004,0.18658333333333332
1570976760.0,0.27906,15.70349999999999,0.004,0.18658333333333332
1570976820.0,0.27906,15.978999999999989,0.004,0.18658333333333332
1570976880.0,0.27906,16.254499999999986,0.004,0.18658333333333332
1570976940.0,0.27906,16.529999999999987,0.004,0.18658333333333332
1570977000.0,0.27906,16.529999999999987,0.004,0.1892083333333333
1570977060.0,0.27906,16.529999999999987,0.004,0.1892083333333333
1570977120.0,0.27906,16.529999999999987,0.004,0.1892083333333333
1570977180.0,0.27906,16.529999999999987,0.004,0.1892083333333333
1570977240.0,0.27906,16.529999999999987,0.004,0.1892083333333333
1570977300.0,0.27906,16.529999999999987,0.004,0.19354166666666667
1570977360.0,0.27906,16.529999999999987,0.004,0.19354166666666667
1570977420.0,0.27906,16.529999999999987,0.004,0.19354166666666667
1570977480.0,0.27906,16.529999999999987,0.004,0.19354166666666667
1570977540.0,0.27906,16.529999999999987,0.004,0.19354166666666667
1570977600.0,0.27906,16.529999999999987,0.004,0.195625
1570977660.0,0.27906,16.529999999999987,0.004,0.195625
1570977720.0,0.27906,16.529999999999987,0.004,0.195625
1570977780.0,0.27906,16.529999999999987,0.004,0.195625
1570977840.0,0.27906,16.529999999999987,0.004,0.195625
1570977900.0,0.27906,16.529999999999987,0.004,0.19737499999999997
1570977960.0,0.27906,16.529999999999987,0.004,0.19737499999999997
1570978020.0,0.27906,16.529999999999987,0.004,0.19737499999999997
1570978080.0,0.27906,16.529999999999987,0.004,0.19737499999999997
1570978140.0,0.27906,16.529999999999987,0.004,0.19737499999999997
1570978200.0,0.27906,16.529999999999987,0.004,0.20008333333333328
1570978260.0,0.27906,16.529999999999987,0.004,0.20008333333333328
1570978320.0,0.27906,16.529999999999987,0.004,0.20008333333333328
1570978380.0,0.27906,16.529999999999987,0.004,0.20008333333333328
1570978440.0,0.27906,16.529999999999987,0.004,0.20008333333333328
1570978500.0,0.27906,16.529999999999987,0.004,0.20325
1570978560.0,0.27906,16.529999999999987,0.004,0.20325
1570978620.0,0.27906,16.529999999999987,0.004,0.20325
1570978680.0,0.27906,16.529999999999987,0.004,0.20325
1570978740.0,0.27906,16.529999999999987,0.004,0.20325
1570978800.0,0.27906,16.805499999999988,0.0095,0.20541666666666666
1570978860.0,0.27906,17.08099999999999,0.0095,0.20541666666666666
1570978920.0,0.27906,17.35649999999999,0.0095,0.20541666666666666
1570978980.0,0.27906,17.63199999999999,0.0095,0.20541666666666666
1570979040.0,0.27906,17.907499999999988,0.0095,0.20541666666666666
1570979100.0,0.27906,18.182999999999986,0.0095,0.2084166666666667
1570979160.0,0.27906,18.458499999999983,0.0095,0.2084166666666667
1570979220.0,0.27906,18.733999999999984,0.0095,0.2084166666666667
1570979280.0,0.27906,19.009499999999985,0.0095,0.2084166666666667
1570979340.0,0.27906,19.284999999999986,0.0095,0.2084166666666667
1570979400.0,0.27906,19.560499999999987,0.0095,0.20908333333333332
1570979460.0,0.27906,19.835999999999988,0.0095,0.20908333333333332
1570979520.0,0.27906,20.11149999999999,0.0095,0.20908333333333332
1570979580.0,0.27906,20.38699999999999,0.0095,0.20908333333333332
1570979640.0,0.27906,20.66249999999999,0.0095,0.20908333333333332
1570979700.0,0.27906,20.93799999999999,0.0095,0.210625
1570979760.0,0.27906,21.21349999999999,0.0095,0.210625
1570979820.0,0.27906,21.48899999999999,0.0095,0.210625
1570979880.0,0.27906,21.764499999999988,0.0095,0.210625
1570979940.0,0.27906,22.03999999999999,0.0095,0.210625
1570980000.0,0.27906,22.31549999999999,0.0095,0.21241666666666664
1570980060.0,0.27906,22.59099999999999,0.0095,0.21241666666666664
1570980120.0,0.27906,22.86649999999999,0.0095,0.21241666666666664
1570980180.0,0.27906,23.141999999999992,0.0095,0.21241666666666664
1570980240.0,0.27906,23.417499999999993,0.0095,0.21241666666666664
1570980300.0,0.27906,23.692999999999994,0.0095,0.21458333333333332
1570980360.0,0.27906,23.96849999999999,0.0095,0.21458333333333332
1570980420.0,0.27906,24.243999999999993,0.0095,0.21458333333333332
1570980480.0,0.27906,24.51949999999999,0.0095,0.21458333333333332
1570980540.0,0.27906,24.794999999999987,0.0095,0.21458333333333332
1570980600.0,0.27906,24.794999999999987,0.0095,0.2159583333333333
1570980660.0,0.27906,24.794999999999987,0.0095,0.2159583333333333
1570980720.0,0.27906,24.794999999999987,0.0095,0.2159583333333333
1570980780.0,0.27906,24.794999999999987,0.0095,0.2159583333333333
1570980840.0,0.27906,24.794999999999987,0.0095,0.2159583333333333
1570980900.0,0.27906,24.794999999999987,0.0095,0.21658333333333332
1570980960.0,0.27906,24.794999999999987,0.0095,0.21658333333333332
1570981020.0,0.27906,24.794999999999987,0.0095,0.21658333333333332
1570981080.0,0.27906,24.794999999999987,0.0095,0.21658333333333332
1570981140.0,0.27906,24.794999999999987,0.0095,0.21658333333333332
1570981200.0,0.27906,24.794999999999987,0.0095,0.21954166666666666
1570981260.0,0.27906,24.794999999999987,0.0095,0.21954166666666666
1570981320.0,0.27906,24.794999999999987,0.0095,0.21954166666666666
1570981380.0,0.27906,24.794999999999987,0.0095,0.21954166666666666
1570981440.0,0.27906,24.794999999999987,0.0095,0.21954166666666666
1570981500.0,0.27906,24.794999999999987,0.0095,0.2200833333333333
1570981560.0,0.27906,24.794999999999987,0.0095,0.2200833333333333
1570981620.0,0.27906,24.794999999999987,0.0095,0.2200833333333333
1570981680.0,0.27906,24.794999999999987,0.0095,0.2200833333333333
1570981740.0,0.27906,24.794999999999987,0.0095,0.2200833333333333
1570981800.0,0.27906,24.794999999999987,0.0095,0.22208333333333333
1570981860.0,0.27906,24.794999999999987,0.0095,0.22208333333333333
1570981920.0,0.27906,24.794999999999987,0.0095,0.22208333333333333
1570981980.0,0.27906,24.794999999999987,0.0095,0.22208333333333333
1570982040.0,0.27906,24.794999999999987,0.0095,0.22208333333333333
1570982100.0,0.27906,24.794999999999987,0.0095,0.22233333333333333
1570982160.0,0.27906,24.794999999999987,0.0095,0.22233333333333333
1570982220.0,0.27906,24.794999999999987,0.0095,0.22233333333333333
1570982280.0,0.27906,24.794999999999987,0.0095,0.22233333333333333
1570982340.0,0.27906,24.794999999999987,0.0095,0.22233333333333333
1570982400.0,0.27906,25.070499999999985,0.006166666666666667,0.224
1570982460.0,0.27906,25.345999999999982,0.006166666666666667,0.224
1570982520.0,0.27906,25.621499999999983,0.006166666666666667,0.224
1570982580.0,0.27906,25.896999999999984,0.006166666666666667,0.224
1570982640.0,0.27906,26.172499999999985,0.006166666666666667,0.224
1570982700.0,0.27906,26.447999999999986,0.006166666666666667,0.224625
1570982760.0,0.27906,26.723499999999987,0.006166666666666667,0.224625
1570982820.0,0.27906,26.998999999999988,0.006166666666666667,0.224625
1570982880.0,0.27906,27.274499999999986,0.006166666666666667,0.224625
1570982940.0,0.27906,27.549999999999983,0.006166666666666667,0.224625
1570983000.0,0.27906,27.825499999999984,0.006166666666666667,0.2260833333333333
1570983060.0,0.27906,28.100999999999985,0.006166666666666667,0.2260833333333333
1570983120.0,0.27906,28.376499999999982,0.006166666666666667,0.2260833333333333
1570983180.0,0.27906,28.65199999999998,0.006166666666666667,0.2260833333333333
1570983240.0,0.27906,28.927499999999977,0.006166666666666667,0.2260833333333333
1570983300.0,0.27906,29.202999999999978,0.006166666666666667,0.22695833333333332
1570983360.0,0.27906,29.47849999999998,0.006166666666666667,0.22695833333333332
1570983420.0,0.27906,29.75399999999998,0.006166666666666667,0.22695833333333332
1570983480.0,0.27906,30.029499999999977,0.006166666666666667,0.22695833333333332
1570983540.0,0.27906,30.30499999999998,0.006166666666666667,0.22695833333333332
1570983600.0,0.27906,30.58049999999998,0.006166666666666667,0.227
1570983660.0,0.27906,30.855999999999977,0.006166666666666667,0.227
1570983720.0,0.27906,31.131499999999974,0.006166666666666667,0.227
1570983780.0,0.27906,31.406999999999975,0.006166666666666667,0.227
1570983840.0,0.27906,31.682499999999976,0.006166666666666667,0.227
1570983900.0,0.27906,31.957999999999977,0.006166666666666667,0.2268333333333333
1570983960.0,0.27906,32.23349999999998,0.006166666666666667,0.2268333333333333
1570984020.0,0.27906,32.50899999999998,0.006166666666666667,0.2268333333333333
1570984080.0,0.27906,32.78449999999998,0.006166666666666667,0.2268333333333333
1570984140.0,0.27906,33.05999999999998,0.006166666666666667,0.2268333333333333
1570984200.0,0.27906,33.05999999999998,0.006166666666666667,0.22829166666666667
1570984260.0,0.27906,33.05999999999998,0.006166666666666667,0.22829166666666667
1570984320.0,0.27906,33.05999999999998,0.006166666666666667,0.22829166666666667
1570984380.0,0.27906,33.05999999999998,0.006166666666666667,0.22829166666666667
1570984440.0,0.27906,33.05999999999998,0.006166666666666667,0.22829166666666667
1570984500.0,0.27906,33.05999999999998,0.006166666666666667,0.22816666666666666
1570984560.0,0.27906,33.05999999999998,0.006166666666666667,0.22816666666666666
1570984620.0,0.27906,33.05999999999998,0.006166666666666667,0.22816666666666666
1570984680.0,0.27906,33.05999999999998,0.006166666666666667,0.22816666666666666
1570984740.0,0.27906,33.05999999999998,0.006166666666666667,0.22816666666666666
1570984800.0,0.27906,33.05999999999998,0.006166666666666667,0.2277083333333333
1570984860.0,0.27906,33.05999999999998,0.006166666666666667,0.2277083333333333
1570984920.0,0.27906,33.05999999999998,0.006166666666666667,0.2277083333333333
1570984980.0,0.27906,33.05999999999998,0.006166666666666667,0.2277083333333333
1570985040.0,0.27906,33.05999999999998,0.006166666666666667,0.2277083333333333
1570985100.0,0.27906,33.05999999999998,0.006166666666666667,0.226625
1570985160.0,0.27906,33.05999999999998,0.006166666666666667,0.226625
1570985220.0,0.27906,33.05999999999998,0.006166666666666667,0.226625
1570985280.0,0.27906,33.05999999999998,0.006166666666666667,0.226625
1570985340.0,0.27906,33.05999999999998,0.006166666666666667,0.226625
1570985400.0,0.27906,33.05999999999998,0.006166666666666667,0.2265
1570985460.0,0.27906,33.05999999999998,0.006166666666666667,0.2265
1570985520.0,0.27906,33.05999999999998,0.006166666666666667,0.2265
1570985580.0,0.27906,33.05999999999998,0.006166666666666667,0.2265
1570985640.0,0.27906,33.05999999999998,0.006166666666666667,0.2265
1570985700.0,0.27906,33.05999999999998,0.006166666666666667,0.22720833333333332
1570985760.0,0.27906,33.05999999999998,0.006166666666666667,0.22720833333333332
1570985820.0,0.27906,33.05999999999998,0.006166666666666667,0.22720833333333332
1570985880.0,0.27906,33.05999999999998,0.006166666666666667,0.22720833333333332
1570985940.0,0.27906,33.05999999999998,0.006166666666666667,0.22720833333333332
1570986000.0,0.27906,33.33549999999998,0.006333333333333333,0.22666666666666666
1570986060.0,0.27906,33.610999999999976,0.006333333333333333,0.22666666666666666
1570986120.0,0.27906,33.88649999999997,0.006333333333333333,0.22666666666666666
1570986180.0,0.27906,34.16199999999997,0.006333333333333333,0.22666666666666666
1570986240.0,0.27906,34.43749999999997,0.006333333333333333,0.22666666666666666
1570986300.0,0.27906,34.71299999999997,0.006333333333333333,0.227375
1570986360.0,0.27906,34.98849999999997,0.006333333333333333,0.227375
1570986420.0,0.27906,35.263999999999974,0.006333333333333333,0.227375
1570986480.0,0.27906,35.539499999999975,0.006333333333333333,0.227375
1570986540.0,0.27906,35.814999999999976,0.006333333333333333,0.227375
1570986600.0,0.27906,36.09049999999998,0.006333333333333333,0.22370833333333334
1570986660.0,0.27906,36.36599999999997,0.006333333333333333,0.22370833333333334
1570986720.0,0.27906,36.64149999999997,0.006333333333333333,0.22370833333333334
1570986780.0,0.27906,36.916999999999966,0.006333333333333333,0.22370833333333334
1570986840.0,0.27906,37.19249999999997,0.006333333333333333,0.22370833333333334
1570986900.0,0.27906,37.46799999999997,0.006333333333333333,0.22289583333333332
1570986960.0,0.27906,37.74349999999997,0.006333333333333333,0.22289583333333332
1570987020.0,0.27906,38.01899999999997,0.006333333333333333,0.22289583333333332
1570987080.0,0.27906,38.29449999999997,0.006333333333333333,0.22289583333333332
1570987140.0,0.27906,38.56999999999997,0.006333333333333333,0.22289583333333332
1570987200.0,0.27906,38.84549999999997,0.006333333333333333,0.22208333333333333
1570987260.0,0.27906,39.120999999999974,0.006333333333333333,0.22208333333333333
1570987320.0,0.27906,39.396499999999975,0.006333333333333333,0.22208333333333333
1570987380.0,0.27906,39.671999999999976,0.006333333333333333,0.22208333333333333
1570987440.0,0.27906,39.94749999999998,0.006333333333333333,0.22208333333333333
1570987500.0,0.27906,40.22299999999998,0.006333333333333333,0.2222083333333333
1570987560.0,0.27906,40.49849999999998,0.006333333333333333,0.2222083333333333
1570987620.0,0.27906,40.66336458333331,0.006333333333333333,0.2222083333333333
1570987680.0,0.27906,40.66336458333331,0.006333333333333333,0.2222083333333333
1570987740.0,0.27906,40.66336458333331,0.006333333333333333,0.2222083333333333
1570987800.0,0.27906,40.66336458333331,0.006333333333333333,0.22004166666666664
1570987860.0,0.27906,40.66336458333331,0.006333333333333333,0.22004166666666664
1570987920.0,0.27906,40.66336458333331,0.006333333333333333,0.22004166666666664
1570987980.0,0.27906,40.66336458333331,0.006333333333333333,0.22004166666666664
1570988040.0,0.27906,40.66336458333331,0.006333333333333333,0.22004166666666664
1570988100.0,0.27906,40.66336458333331,0.006333333333333333,0.21958333333333332
1570988160.0,0.27906,40.66336458333331,0.006333333333333333,0.21958333333333332
1570988220.0,0.27906,40.66336458333331,0.006333333333333333,0.21958333333333332
1570988280.0,0.27906,40.66336458333331,0.006333333333333333,0.21958333333333332
1570988340.0,0.27906,40.66336458333331,0.006333333333333333,0.21958333333333332
1570988400.0,0.27906,40.66336458333331,0.006333333333333333,0.2179583333333333
1570988460.0,0.27906,40.66336458333331,0.006333333333333333,0.2179583333333333
1570988520.0,0.27906,40.66336458333331,0.006333333333333333,0.2179583333333333
1570988580.0,0.27906,40.66336458333331,0.006333333333333333,0.2179583333333333
1570988640.0,0.27906,40.66336458333331,0.006333333333333333,0.2179583333333333
1570988700.0,0.27906,40.66336458333331,0.006333333333333333,0.2164583333333333
1570988760.0,0.27906,40.66336458333331,0.006333333333333333,0.2164583333333333
1570988820.0,0.27906,40.66336458333331,0.006333333333333333,0.2164583333333333
1570988880.0,0.27906,40.66336458333331,0.006333333333333333,0.2164583333333333
1570988940.0,0.27906,40.66336458333331,0.006333333333333333,0.2164583333333333
1570989000.0,0.27906,40.66336458333331,0.006333333333333333,0.21454166666666666
1570989060.0,0.27906,40.66336458333331,0.006333333333333333,0.21454166666666666
1570989120.0,0.27906,40.66336458333331,0.006333333333333333,0.21454166666666666
1570989180.0,0.27906,40.66336458333331,0.006333333333333333,0.21454166666666666
1570989240.0,0.27906,40.66336458333331,0.006333333333333333,0.21454166666666666
1570989300.0,0.27906,40.66336458333331,0.006333333333333333,0.21316666666666667
1570989360.0,0.27906,40.66336458333331,0.006333333333333333,0.21316666666666667
1570989420.0,0.27906,40.66336458333331,0.006333333333333333,0.21316666666666667
1570989480.0,0.27906,40.66336458333331,0.006333333333333333,0.21316666666666667
1570989540.0,0.27906,40.66336458333331,0.006333333333333333,0.21316666666666667
1570989600.0,0.27906,40.66336458333331,0.006333333333333333,0.2114583333333333
1570989660.0,0.27906,40.66336458333331,0.006333333333333333,0.2114583333333333
1570989720.0,0.27906,40.66336458333331,0.006333333333333333,0.2114583333333333
1570989780.0,0.27906,40.66336458333331,0.006333333333333333,0.2114583333333333
1570989840.0,0.27906,40.66336458333331,0.006333333333333333,0.2114583333333333
1570989900.0,0.27906,40.66336458333331,0.006333333333333333,0.20983333333333332
1570989960.0,0.27906,40.66336458333331,0.006333333333333333,0.20983333333333332
1570990020.0,0.27906,40.66336458333331,0.006333333333333333,0.20983333333333332
1570990080.0,0.27906,40.66336458333331,0.006333333333333333,0.20983333333333332
1570990140.0,0.27906,40.66336458333331,0.006333333333333333,0.20983333333333332
1570990200.0,0.27906,40.66336458333331,0.006333333333333333,0.20779166666666665
1570990260.0,0.27906,40.66336458333331,0.006333333333333333,0.20779166666666665
1570990320.0,0.27906,40.66336458333331,0.006333333333333333,0.20779166666666665
1570990380.0,0.27906,40.66336458333331,0.006333333333333333,0.20779166666666665
1570990440.0,0.27906,40.66336458333331,0.006333333333333333,0.20779166666666665
1570990500.0,0.27906,40.66336458333331,0.006333333333333333,0.2053333333333333
1570990560.0,0.27906,40.66336458333331,0.006333333333333333,0.2053333333333333
1570990620.0,0.27906,40.66336458333331,0.006333333333333333,0.2053333333333333
1570990680.0,0.27906,40.66336458333331,0.006333333333333333,0.2053333333333333
1570990740.0,0.27906,40.66336458333331,0.006333333333333333,0.2053333333333333
1570990800.0,0.27906,40.66336458333331,0.006333333333333333,0.203125
1570990860.0,0.27906,40.66336458333331,0.006333333333333333,0.203125
1570990920.0,0.27906,40.66336458333331,0.006333333333333333,0.203125
1570990980.0,0.27906,40.66336458333331,0.006333333333333333,0.203125
1570991040.0,0.27906,40.66336458333331,0.006333333333333333,0.203125
1570991100.0,0.27906,40.66336458333331,0.006333333333333333,0.20175
1570991160.0,0.27906,40.66336458333331,0.006333333333333333,0.20175
1570991220.0,0.27906,40.66336458333331,0.006333333333333333,0.20175
1570991280.0,0.27906,40.66336458333331,0.006333333333333333,0.20175
1570991340.0,0.27906,40.66336458333331,0.006333333333333333,0.20175
1570991400.0,0.27906,40.66336458333331,0.006333333333333333,0.19766666666666666
1570991460.0,0.27906,40.66336458333331,0.006333333333333333,0.19766666666666666
1570991520.0,0.27906,40.66336458333331,0.006333333333333333,0.19766666666666666
1570991580.0,0.27906,40.66336458333331,0.006333333333333333,0.19766666666666666
1570991640.0,0.27906,40.66336458333331,0.006333333333333333,0.19766666666666666
1570991700.0,0.27906,40.66336458333331,0.006333333333333333,0.19379166666666667
1570991760.0,0.27906,40.66336458333331,0.006333333333333333,0.19379166666666667
1570991820.0,0.27906,40.66336458333331,0.006333333333333333,0.19379166666666667
1570991880.0,0.27906,40.66336458333331,0.006333333333333333,0.19379166666666667
1570991940.0,0.27906,40.66336458333331,0.006333333333333333,0.19379166666666667
1570992000.0,0.27906,40.66336458333331,0.006333333333333333,0.19216666666666665
1570992060.0,0.27906,40.66336458333331,0.006333333333333333,0.19216666666666665
1570992120.0,0.27906,40.66336458333331,0.006333333333333333,0.19216666666666665
1570992180.0,0.27906,40.66336458333331,0.006333333333333333,0.19216666666666665
1570992240.0,0.27906,40.66336458333331,0.006333333333333333,0.19216666666666665
1570992300.0,0.27906,40.66336458333331,0.006333333333333333,0.188625
1570992360.0,0.27906,40.66336458333331,0.006333333333333333,0.188625
1570992420.0,0.27906,40.66336458333331,0.006333333333333333,0.188625
1570992480.0,0.27906,40.66336458333331,0.006333333333333333,0.188625
1570992540.0,0.27906,40.66336458333331,0.006333333333333333,0.188625
1570992600.0,0.27906,40.66336458333331,0.006333333333333333,0.18566666666666665
1570992660.0,0.27906,40.66336458333331,0.006333333333333333,0.18566666666666665
1570992720.0,0.27906,40.66336458333331,0.006333333333333333,0.18566666666666665
1570992780.0,0.27906,40.66336458333331,0.006333333333333333,0.18566666666666665
1570992840.0,0.27906,40.66336458333331,0.006333333333333333,0.18566666666666665
1570992900.0,0.27906,40.66336458333331,0.006333333333333333,0.1819583333333333
1570992960.0,0.27906,40.66336458333331,0.006333333333333333,0.1819583333333333
1570993020.0,0.27906,40.66336458333331,0.006333333333333333,0.1819583333333333
1570993080.0,0.27906,40.66336458333331,0.006333333333333333,0.1819583333333333
1570993140.0,0.27906,40.66336458333331,0.006333333333333333,0.1819583333333333
1570993200.0,0.27906,40.66336458333331,0.0031666666666666666,0.17854166666666665
1570993260.0,0.27906,40.66336458333331,0.0031666666666666666,0.17854166666666665
1570993320.0,0.27906,40.66336458333331,0.0031666666666666666,0.17854166666666665
1570993380.0,0.27906,40.66336458333331,0.0031666666666666666,0.17854166666666665
1570993440.0,0.27906,40.66336458333331,0.0031666666666666666,0.17854166666666665
1570993500.0,0.27906,40.66336458333331,0.0031666666666666666,0.17491666666666666
1570993560.0,0.27906,40.66336458333331,0.0031666666666666666,0.17491666666666666
1570993620.0,0.27906,40.66336458333331,0.0031666666666666666,0.17491666666666666
1570993680.0,0.27906,40.66336458333331,0.0031666666666666666,0.17491666666666666
1570993740.0,0.27906,40.66336458333331,0.0031666666666666666,0.17491666666666666
1570993800.0,0.27906,40.66336458333331,0.0031666666666666666,0.1710833333333333
1570993860.0,0.27906,40.66336458333331,0.0031666666666666666,0.1710833333333333
1570993920.0,0.27906,40.66336458333331,0.0031666666666666666,0.1710833333333333
1570993980.0,0.27906,40.66336458333331,0.0031666666666666666,0.1710833333333333
1570994040.0,0.27906,40.66336458333331,0.0031666666666666666,0.1710833333333333
1570994100.0,0.27906,40.66336458333331,0.0031666666666666666,0.16812500000000002
1570994160.0,0.27906,40.66336458333331,0.0031666666666666666,0.16812500000000002
1570994220.0,0.27906,40.66336458333331,0.0031666666666666666,0.16812500000000002
1570994280.0,0.27906,40.66336458333331,0.0031666666666666666,0.16812500000000002
1570994340.0,0.27906,40.66336458333331,0.0031666666666666666,0.16812500000000002
1570994400.0,0.27906,40.66336458333331,0.0031666666666666666,0.16395833333333332
1570994460.0,0.27906,40.66336458333331,0.0031666666666666666,0.16395833333333332
1570994520.0,0.27906,40.66336458333331,0.0031666666666666666,0.16395833333333332
1570994580.0,0.27906,40.66336458333331,0.0031666666666666666,0.16395833333333332
1570994640.0,0.27906,40.66336458333331,0.0031666666666666666,0.16395833333333332
1570994700.0,0.27906,40.66336458333331,0.0031666666666666666,0.15991666666666665
1570994760.0,0.27906,40.66336458333331,0.0031666666666666666,0.15991666666666665
1570994820.0,0.27906,40.66336458333331,0.0031666666666666666,0.15991666666666665
1570994880.0,0.27906,40.66336458333331,0.0031666666666666666,0.15991666666666665
1570994940.0,0.27906,40.66336458333331,0.0031666666666666666,0.15991666666666665
1570995000.0,0.27906,40.66336458333331,0.0031666666666666666,0.15408333333333332
1570995060.0,0.27906,40.66336458333331,0.0031666666666666666,0.15408333333333332
1570995120.0,0.27906,40.66336458333331,0.0031666666666666666,0.15408333333333332
1570995180.0,0.27906,40.66336458333331,0.0031666666666666666,0.15408333333333332
1570995240.0,0.27906,40.66336458333331,0.0031666666666666666,0.15408333333333332
1570995300.0,0.27906,40.66336458333331,0.0031666666666666666,0.149625
1570995360.0,0.27906,40.66336458333331,0.0031666666666666666,0.149625
1570995420.0,0.27906,40.66336458333331,0.0031666666666666666,0.149625
1570995480.0,0.27906,40.66336458333331,0.0031666666666666666,0.149625
1570995540.0,0.27906,40.66336458333331,0.0031666666666666666,0.149625
1570995600.0,0.27906,40.66336458333331,0.0031666666666666666,0.145
1570995660.0,0.27906,40.66336458333331,0.0031666666666666666,0.145
1570995720.0,0.27906,40.66336458333331,0.0031666666666666666,0.145
1570995780.0,0.27906,40.66336458333331,0.0031666666666666666,0.145
1570995840.0,0.27906,40.66336458333331,0.0031666666666666666,0.145
1570995900.0,0.27906,40.66336458333331,0.0031666666666666666,0.139875
1570995960.0,0.27906,40.66336458333331,0.0031666666666666666,0.139875
1570996020.0,0.27906,40.66336458333331,0.0031666666666666666,0.139875
1570996080.0,0.27906,40.66336458333331,0.0031666666666666666,0.139875
1570996140.0,0.27906,40.66336458333331,0.0031666666666666666,0.139875
1570996200.0,0.27906,40.66336458333331,0.0031666666666666666,0.1345
1570996260.0,0.27906,40.66336458333331,0.0031666666666666666,0.1345
1570996320.0,0.27906,40.66336458333331,0.0031666666666666666,0.1345
1570996380.0,0.27906,40.66336458333331,0.0031666666666666666,0.1345
1570996440.0,0.27906,40.66336458333331,0.0031666666666666666,0.1345
1570996500.0,0.27906,40.66336458333331,0.0031666666666666666,0.13091666666666665
1570996560.0,0.27906,40.66336458333331,0.0031666666666666666,0.13091666666666665
1570996620.0,0.27906,40.66336458333331,0.0031666666666666666,0.13091666666666665
1570996680.0,0.27906,40.66336458333331,0.0031666666666666666,0.13091666666666665
1570996740.0,0.27906,40.66336458333331,0.0031666666666666666,0.13091666666666665
1570996800.0,0.27906,40.66336458333331,0.004333333333333333,0.12566666666666665
1570996860.0,0.27906,40.66336458333331,0.004333333333333333,0.12566666666666665
1570996920.0,0.27906,40.66336458333331,0.004333333333333333,0.12566666666666665
1570996980.0,0.27906,40.66336458333331,0.004333333333333333,0.12566666666666665
1570997040.0,0.27906,40.66336458333331,0.004333333333333333,0.12566666666666665
1570997100.0,0.27906,40.66336458333331,0.004333333333333333,0.120375
1570997160.0,0.27906,40.66336458333331,0.004333333333333333,0.120375
1570997220.0,0.27906,40.66336458333331,0.004333333333333333,0.120375
1570997280.0,0.27906,40.66336458333331,0.004333333333333333,0.120375
1570997340.0,0.27906,40.66336458333331,0.004333333333333333,0.120375
1570997400.0,0.27906,40.66336458333331,0.004333333333333333,0.11575
1570997460.0,0.27906,40.66336458333331,0.004333333333333333,0.11575
1570997520.0,0.27906,40.66336458333331,0.004333333333333333,0.11575
1570997580.0,0.27906,40.66336458333331,0.004333333333333333,0.11575
1570997640.0,0.27906,40.66336458333331,0.004333333333333333,0.11575
1570997700.0,0.27906,40.66336458333331,0.004333333333333333,0.11045833333333333
1570997760.0,0.27906,40.66336458333331,0.004333333333333333,0.11045833333333333
1570997820.0,0.27906,40.66336458333331,0.004333333333333333,0.11045833333333333
1570997880.0,0.27906,40.66336458333331,0.004333333333333333,0.11045833333333333
1570997940.0,0.27906,40.66336458333331,0.004333333333333333,0.11045833333333333
1570998000.0,0.27906,40.66336458333331,0.004333333333333333,0.10566666666666666
1570998060.0,0.27906,40.66336458333331,0.004333333333333333,0.10566666666666666
1570998120.0,0.27906,40.66336458333331,0.004333333333333333,0.10566666666666666
1570998180.0,0.27906,40.66336458333331,0.004333333333333333,0.10566666666666666
1570998240.0,0.27906,40.66336458333331,0.004333333333333333,0.10566666666666666
1570998300.0,0.27906,40.66336458333331,0.004333333333333333,0.10016666666666665
1570998360.0,0.27906,40.66336458333331,0.004333333333333333,0.10016666666666665
1570998420.0,0.27906,40.66336458333331,0.004333333333333333,0.10016666666666665
1570998480.0,0.27906,40.66336458333331,0.004333333333333333,0.10016666666666665
1570998540.0,0.27906,40.66336458333331,0.004333333333333333,0.10016666666666665
1570998600.0,0.27906,40.66336458333331,0.004333333333333333,0.096
1570998660.0,0.27906,40.66336458333331,0.004333333333333333,0.096
1570998720.0,0.27906,40.66336458333331,0.004333333333333333,0.096
1570998780.0,0.27906,40.66336458333331,0.004333333333333333,0.096
1570998840.0,0.27906,40.66336458333331,0.004333333333333333,0.096
1570998900.0,0.27906,40.66336458333331,0.004333333333333333,0.09204166666666666
1570998960.0,0.27906,40.66336458333331,0.004333333333333333,0.09204166666666666
1570999020.0,0.27906,40.66336458333331,0.004333333333333333,0.09204166666666666
1570999080.0,0.27906,40.66336458333331,0.004333333333333333,0.09204166666666666
1570999140.0,0.27906,40.66336458333331,0.004333333333333333,0.09204166666666666
1570999200.0,0.27906,40.66336458333331,0.004333333333333333,0.08733333333333332
1570999260.0,0.27906,40.66336458333331,0.004333333333333333,0.08733333333333332
1570999320.0,0.27906,40.66336458333331,0.004333333333333333,0.08733333333333332
1570999380.0,0.27906,40.66336458333331,0.004333333333333333,0.08733333333333332
1570999440.0,0.27906,40.66336458333331,0.004333333333333333,0.08733333333333332
1570999500.0,0.27906,40.66336458333331,0.004333333333333333,0.08275000000000002
1570999560.0,0.27906,40.66336458333331,0.004333333333333333,0.08275000000000002
1570999620.0,0.27906,40.66336458333331,0.004333333333333333,0.08275000000000002
1570999680.0,0.27906,40.66336458333331,0.004333333333333333,0.08275000000000002
1570999740.0,0.27906,40.66336458333331,0.004333333333333333,0.08275000000000002
1570999800.0,0.27906,40.66336458333331,0.004333333333333333,0.07741666666666666
1570999860.0,0.27906,40.66336458333331,0.004333333333333333,0.07741666666666666
1570999920.0,0.27906,40.66336458333331,0.004333333333333333,0.07741666666666666
1570999980.0,0.27906,40.66336458333331,0.004333333333333333,0.07741666666666666
1571000040.0,0.27906,40.66336458333331,0.004333333333333333,0.07741666666666666
1571000100.0,0.27906,40.66336458333331,0.004333333333333333,0.07116666666666666
1571000160.0,0.27906,40.66336458333331,0.004333333333333333,0.07116666666666666
1571000220.0,0.27906,40.66336458333331,0.004333333333333333,0.07116666666666666
1571000280.0,0.27906,40.66336458333331,0.004333333333333333,0.07116666666666666
1571000340.0,0.27906,40.66336458333331,0.004333333333333333,0.07116666666666666
1571000400.0,0.27906,40.66336458333331,0.0031666666666666666,0.066
1571000460.0,0.27906,40.66336458333331,0.0031666666666666666,0.066
1571000520.0,0.27906,40.66336458333331,0.0031666666666666666,0.066
1571000580.0,0.27906,40.66336458333331,0.0031666666666666666,0.066
1571000640.0,0.27906,40.66336458333331,0.0031666666666666666,0.066
1571000700.0,0.27906,40.661083881578925,0.0031666666666666666,0.06166666666666666
1571000760.0,0.27906,40.65880317982454,0.0031666666666666666,0.06166666666666666
1571000820.0,0.27906,40.65652247807015,0.0031666666666666666,0.06166666666666666
1571000880.0,0.27906,40.654241776315764,0.0031666666666666666,0.06166666666666666
1571000940.0,0.27906,40.65196107456138,0.0031666666666666666,0.06166666666666666
1571001000.0,0.27906,40.648759320175415,0.0031666666666666666,0.05545833333333333
1571001060.0,0.27906,40.64555756578945,0.0031666666666666666,0.05545833333333333
1571001120.0,0.27906,40.63687335526314,0.0031666666666666666,0.05545833333333333
1571001180.0,0.27906,40.63367160087718,0.0031666666666666666,0.05545833333333333
1571001240.0,0.27906,40.62485581140349,0.0031666666666666666,0.05545833333333333
1571001300.0,0.27906,40.61060142543858,0.0031666666666666666,0.050291666666666665
1571001360.0,0.27906,40.59634703947367,0.0031666666666666666,0.050291666666666665
1571001420.0,0.27906,40.58209265350876,0.0031666666666666666,0.050291666666666665
1571001480.0,0.27906,40.573452302631566,0.0031666666666666666,0.050291666666666665
1571001540.0,0.27906,40.559197916666655,0.0031666666666666666,0.050291666666666665
1571001600.0,0.27906,40.558233004385954,0.0031666666666666666,0.04541666666666667
1571001660.0,0.27906,40.54358388157894,0.0031666666666666666,0.04541666666666667
1571001720.0,0.27906,40.529811951754375,0.0031666666666666666,0.04541666666666667
1571001780.0,0.27906,40.51516282894736,0.0031666666666666666,0.04541666666666667
1571001840.0,0.27906,40.49577686403508,0.0031666666666666666,0.04541666666666667
1571001900.0,0.27906,40.48941721491227,0.0031666666666666666,0.04029166666666666
1571001960.0,0.27906,40.47025054824561,0.0031666666666666666,0.04029166666666666
1571002020.0,0.27906,40.44546984649122,0.0031666666666666666,0.04029166666666666
1571002080.0,0.27906,40.439110197368414,0.0031666666666666666,0.04029166666666666
1571002140.0,0.27906,40.43608388157894,0.0031666666666666666,0.04029166666666666
1571002200.0,0.27906,40.410382127192975,0.0031666666666666666,0.03408333333333333
1571002260.0,0.27906,40.400820723684205,0.0031666666666666666,0.03408333333333333
1571002320.0,0.27906,40.3879259868421,0.0031666666666666666,0.03408333333333333
1571002380.0,0.27906,40.37836458333333,0.0031666666666666666,0.03408333333333333
1571002440.0,0.27906,40.36546984649122,0.0031666666666666666,0.03408333333333333
1571002500.0,0.27906,40.348934758771925,0.0031666666666666666,0.02745833333333333
1571002560.0,0.27906,40.33239967105263,0.0031666666666666666,0.02745833333333333
1571002620.0,0.27906,40.31253125,0.0031666666666666666,0.02745833333333333
1571002680.0,0.27906,40.27985581140351,0.0031666666666666666,0.02745833333333333
1571002740.0,0.27906,40.2415663377193,0.0031666666666666666,0.02745833333333333
1571002800.0,0.27906,40.20025054824561,0.0031666666666666666,0.019958333333333328
1571002860.0,0.27906,40.1694610745614,0.0031666666666666666,0.019958333333333328
1571002920.0,0.27906,40.13533826754385,0.0031666666666666666,0.019958333333333328
1571002980.0,0.27906,40.094022478070166,0.0031666666666666666,0.019958333333333328
1571003040.0,0.27906,40.068847039473674,0.0031666666666666666,0.019958333333333328
1571003100.0,0.27906,40.03533826754385,0.0031666666666666666,0.014916666666666668
1571003160.0,0.27906,39.99060142543859,0.0031666666666666666,0.014916666666666668
1571003220.0,0.27906,39.95709265350877,0.0031666666666666666,0.014916666666666668
1571003280.0,0.27906,39.91235581140351,0.0031666666666666666,0.014916666666666668
1571003340.0,0.27906,39.873233004385966,0.0031666666666666666,0.014916666666666668
1571003400.0,0.27906,39.81937335526315,0.0031666666666666666,0.012333333333333332
1571003460.0,0.27906,39.76551370614034,0.0031666666666666666,0.012333333333333332
1571003520.0,0.27906,39.711654057017526,0.0031666666666666666,0.012333333333333332
1571003580.0,0.27906,39.67604002192981,0.0031666666666666666,0.012333333333333332
1571003640.0,0.27906,39.622180372806994,0.0031666666666666666,0.012333333333333332
1571003700.0,0.27906,39.57481195175436,0.0031666666666666666,0.010500000000000002
1571003760.0,0.27906,39.520776864035064,0.0031666666666666666,0.010500000000000002
1571003820.0,0.27906,39.477969846491206,0.0031666666666666666,0.010500000000000002
1571003880.0,0.27906,39.427268092105244,0.0031666666666666666,0.010500000000000002
1571003940.0,0.27906,39.373233004385945,0.0031666666666666666,0.010500000000000002
1571004000.0,0.27906,39.32367160087718,0.0031666666666666666,0.008416666666666666
1571004060.0,0.27906,39.28516282894735,0.0031666666666666666,0.008416666666666666
1571004120.0,0.27906,39.24279440789472,0.0031666666666666666,0.008416666666666666
1571004180.0,0.27906,39.20095230263156,0.0031666666666666666,0.008416666666666666
1571004240.0,0.27906,39.151390899122795,0.0031666666666666666,0.008416666666666666
1571004300.0,0.27906,39.10845230263156,0.0031666666666666666,0.005958333333333333
1571004360.0,0.27906,39.06884703947367,0.0031666666666666666,0.005958333333333333
1571004420.0,0.27906,39.02924177631577,0.0031666666666666666,0.005958333333333333
1571004480.0,0.27906,38.989636513157876,0.0031666666666666666,0.005958333333333333
1571004540.0,0.27906,38.95003124999998,0.0031666666666666666,0.005958333333333333
1571004600.0,0.27906,38.900776864035066,0.0031666666666666666,0.003958333333333333
1571004660.0,0.27906,38.85485581140348,0.0031666666666666666,0.003958333333333333
1571004720.0,0.27906,38.80226809210524,0.0031666666666666666,0.003958333333333333
1571004780.0,0.27906,38.74634703947366,0.0031666666666666666,0.003958333333333333
1571004840.0,0.27906,38.70042598684208,0.0031666666666666666,0.003958333333333333
1571004900.0,0.27906,38.647268092105236,0.0031666666666666666,0.0020416666666666665
1571004960.0,0.27906,38.594110197368394,0.0031666666666666666,0.0020416666666666665
1571005020.0,0.27906,38.54095230263155,0.0031666666666666666,0.0020416666666666665
1571005080.0,0.27906,38.48779440789471,0.0031666666666666666,0.0020416666666666665
1571005140.0,0.27906,38.43463651315787,0.0031666666666666666,0.0020416666666666665
1571005200.0,0.27906,38.37832072368418,0.0031666666666666666,0.0012916666666666664
1571005260.0,0.27906,38.3220049342105,0.0031666666666666666,0.0012916666666666664
1571005320.0,0.27906,38.26568914473681,0.0031666666666666666,0.0012916666666666664
1571005380.0,0.27906,38.209373355263125,0.0031666666666666666,0.0012916666666666664
1571005440.0,0.27906,38.15305756578944,0.0031666666666666666,0.0012916666666666664
1571005500.0,0.27906,38.09130317982453,0.0031666666666666666,0.0
1571005560.0,0.27906,38.02954879385962,0.0031666666666666666,0.0
1571005620.0,0.27906,37.96779440789471,0.0031666666666666666,0.0
1571005680.0,0.27906,37.9060400219298,0.0031666666666666666,0.0
1571005740.0,0.27906,37.84428563596489,0.0031666666666666666,0.0
1571005800.0,0.27906,37.78253124999998,0.0031666666666666666,0.0
1571005860.0,0.27906,37.72077686403507,0.0031666666666666666,0.0
1571005920.0,0.27906,37.659022478070156,0.0031666666666666666,0.0
1571005980.0,0.27906,37.597268092105246,0.0031666666666666666,0.0
1571006040.0,0.27906,37.535513706140335,0.0031666666666666666,0.0
1571006100.0,0.27906,37.473759320175425,0.0031666666666666666,0.0
1571006160.0,0.27906,37.412004934210515,0.0031666666666666666,0.0
1571006220.0,0.27906,37.350250548245604,0.0031666666666666666,0.0
1571006280.0,0.27906,37.288496162280694,0.0031666666666666666,0.0
1571006340.0,0.27906,37.226741776315784,0.0031666666666666666,0.0
1571006400.0,0.27906,37.16498739035087,0.0031666666666666666,0.0
1571006460.0,0.27906,37.10323300438596,0.0031666666666666666,0.0
1571006520.0,0.27906,37.04147861842105,0.0031666666666666666,0.0
1571006580.0,0.27906,36.97972423245614,0.0031666666666666666,0.0
1571006640.0,0.27906,36.91796984649123,0.0031666666666666666,0.0
1571006700.0,0.27906,36.85621546052632,0.0031666666666666666,0.0
1571006760.0,0.27906,36.79446107456141,0.0031666666666666666,0.0
1571006820.0,0.27906,36.7327066885965,0.0031666666666666666,0.0
1571006880.0,0.27906,36.67095230263159,0.0031666666666666666,0.0
1571006940.0,0.27906,36.60919791666668,0.0031666666666666666,0.0
1571007000.0,0.27906,36.54744353070177,0.0031666666666666666,0.0
1571007060.0,0.27906,36.48568914473686,0.0031666666666666666,0.0
1571007120.0,0.27906,36.42393475877195,0.0031666666666666666,0.0
1571007180.0,0.27906,36.36218037280704,0.0031666666666666666,0.0
1571007240.0,0.27906,36.30042598684213,0.0031666666666666666,0.0
1571007300.0,0.27906,36.23867160087722,0.0031666666666666666,0.0
1571007360.0,0.27906,36.17691721491231,0.0031666666666666666,0.0
1571007420.0,0.27906,36.1151628289474,0.0031666666666666666,0.0
1571007480.0,0.27906,36.05340844298249,0.0031666666666666666,0.0
1571007540.0,0.27906,35.99165405701758,0.0031666666666666666,0.0
1571007600.0,0.27906,35.918496162280725,0.0175,0.0
1571007660.0,0.27906,35.84533826754387,0.0175,0.0
1571007720.0,0.27906,35.77218037280702,0.0175,0.0
1571007780.0,0.27906,35.69902247807017,0.0175,0.0
1571007840.0,0.27906,35.62586458333332,0.0175,0.0
1571007900.0,0.27906,35.552706688596466,0.0175,0.0
1571007960.0,0.27906,35.479548793859614,0.0175,0.0
1571008020.0,0.27906,35.40639089912276,0.0175,0.0
1571008080.0,0.27906,35.33323300438591,0.0175,0.0
1571008140.0,0.27906,35.26007510964906,0.0175,0.0
1571008200.0,0.27906,35.18691721491221,0.0175,0.0
1571008260.0,0.27906,35.113759320175355,0.0175,0.0
1571008320.0,0.27906,35.0406014254385,0.0175,0.0
1571008380.0,0.27906,34.96744353070165,0.0175,0.0
1571008440.0,0.27906,34.8942856359648,0.0175,0.0
1571008500.0,0.27906,34.82112774122795,0.0175,0.0
1571008560.0,0.27906,34.747969846491095,0.0175,0.0
1571008620.0,0.27906,34.67481195175424,0.0175,0.0
1571008680.0,0.27906,34.60165405701739,0.0175,0.0
1571008740.0,0.27906,34.52849616228054,0.0175,0.0
1571008800.0,0.27906,34.45533826754369,0.0175,0.0
1571008860.0,0.27906,34.382180372806836,0.0175,0.0
1571008920.0,0.27906,34.309022478069984,0.0175,0.0
1571008980.0,0.27906,34.23586458333313,0.0175,0.0
1571009040.0,0.27906,34.16270668859628,0.0175,0.0
1571009100.0,0.27906,34.08954879385943,0.0175,0.0
1571009160.0,0.27906,34.01639089912258,0.0175,0.0
1571009220.0,0.27906,33.943233004385725,0.0175,0.0
1571009280.0,0.27906,33.87007510964887,0.0175,0.0
1571009340.0,0.27906,33.79691721491202,0.0175,0.0
1571009400.0,0.27906,33.72375932017517,0.0175,0.0
1571009460.0,0.27906,33.65060142543832,0.0175,0.0
1571009520.0,0.27906,33.577443530701466,0.0175,0.0
1571009580.0,0.27906,33.504285635964614,0.0175,0.0
1571009640.0,0.27906,33.43112774122776,0.0175,0.0
1571009700.0,0.27906,33.35796984649091,0.0175,0.0
1571009760.0,0.27906,33.28481195175406,0.0175,0.0
1571009820.0,0.27906,33.211654057017206,0.0175,0.0
1571009880.0,0.27906,33.138496162280354,0.0175,0.0
1571009940.0,0.27906,33.0653382675435,0.0175,0.0
1571010000.0,0.27906,32.99218037280665,0.0175,0.0
1571010060.0,0.27906,32.9190224780698,0.0175,0.0
1571010120.0,0.27906,32.84586458333295,0.0175,0.0
1571010180.0,0.27906,32.772706688596095,0.0175,0.0
1571010240.0,0.27906,32.69954879385924,0.0175,0.0
1571010300.0,0.27906,32.62639089912239,0.0175,0.0
1571010360.0,0.27906,32.55323300438554,0.0175,0.0
1571010420.0,0.27906,32.48007510964869,0.0175,0.0
1571010480.0,0.27906,32.406917214911836,0.0175,0.0
1571010540.0,0.27906,32.333759320174984,0.0175,0.0
1571010600.0,0.27906,32.26060142543813,0.0175,0.0
1571010660.0,0.27906,32.18744353070128,0.0175,0.0
1571010720.0,0.27906,32.11428563596443,0.0175,0.0
1571010780.0,0.27906,32.04112774122758,0.0175,0.0
1571010840.0,0.27906,31.967969846490735,0.0175,0.0
1571010900.0,0.27906,31.894811951753898,0.0175,0.0
1571010960.0,0.27906,31.82165405701706,0.0175,0.0
1571011020.0,0.27906,31.748496162280222,0.0175,0.0
1571011080.0,0.27906,31.675338267543385,0.0175,0.0
1571011140.0,0.27906,31.602180372806547,0.0175,0.0
1571011200.0,0.27906,31.54972423245567,0.008666666666666666,0.0
1571011260.0,0.27906,31.497268092104793,0.008666666666666666,0.0
1571011320.0,0.27906,31.444811951753916,0.008666666666666666,0.0
1571011380.0,0.27906,31.39235581140304,0.008666666666666666,0.0
1571011440.0,0.27906,31.339899671052162,0.008666666666666666,0.0
1571011500.0,0.27906,31.287443530701285,0.008666666666666666,0.0
1571011560.0,0.27906,31.23498739035041,0.008666666666666666,0.0
1571011620.0,0.27906,31.18253124999953,0.008666666666666666,0.0
1571011680.0,0.27906,31.130075109648654,0.008666666666666666,0.0
1571011740.0,0.27906,31.077618969297777,0.008666666666666666,0.0
1571011800.0,0.27906,31.0251628289469,0.008666666666666666,0.0
1571011860.0,0.27906,30.972706688596023,0.008666666666666666,0.0
1571011920.0,0.27906,30.920250548245146,0.008666666666666666,0.0
1571011980.0,0.27906,30.86779440789427,0.008666666666666666,0.0
1571012040.0,0.27906,30.815338267543392,0.008666666666666666,0.0
1571012100.0,0.27906,30.762882127192515,0.008666666666666666,0.0
1571012160.0,0.27906,30.71042598684164,0.008666666666666666,0.0
1571012220.0,0.27906,30.65796984649076,0.008666666666666666,0.0
1571012280.0,0.27906,30.605513706139885,0.008666666666666666,0.0
1571012340.0,0.27906,30.553057565789008,0.008666666666666666,0.0
1571012400.0,0.27906,30.50060142543813,0.008666666666666666,0.0
1571012460.0,0.27906,30.448145285087254,0.008666666666666666,0.0
1571012520.0,0.27906,30.395689144736377,0.008666666666666666,0.0
1571012580.0,0.27906,30.3432330043855,0.008666666666666666,0.0
1571012640.0,0.27906,30.290776864034623,0.008666666666666666,0.0
1571012700.0,0.27906,30.238320723683746,0.008666666666666666,0.0
1571012760.0,0.27906,30.18586458333287,0.008666666666666666,0.0
1571012820.0,0.27906,30.13340844298199,0.008666666666666666,0.0
1571012880.0,0.27906,30.080952302631115,0.008666666666666666,0.0
1571012940.0,0.27906,30.028496162280238,0.008666666666666666,0.0
1571013000.0,0.27906,29.97604002192936,0.008666666666666666,0.0
1571013060.0,0.27906,29.923583881578484,0.008666666666666666,0.0
1571013120.0,0.27906,29.871127741227607,0.008666666666666666,0.0
1571013180.0,0.27906,29.81867160087673,0.008666666666666666,0.0
1571013240.0,0.27906,29.766215460525853,0.008666666666666666,0.0
1571013300.0,0.27906,29.713759320174976,0.008666666666666666,0.0
1571013360.0,0.27906,29.6613031798241,0.008666666666666666,0.0
1571013420.0,0.27906,29.608847039473222,0.008666666666666666,0.0
1571013480.0,0.27906,29.556390899122345,0.008666666666666666,0.0
1571013540.0,0.27906,29.503934758771468,0.008666666666666666,0.0
1571013600.0,0.27906,29.45147861842059,0.008666666666666666,0.0
1571013660.0,0.27906,29.399022478069714,0.008666666666666666,0.0
1571013720.0,0.27906,29.346566337718837,0.008666666666666666,0.0
1571013780.0,0.27906,29.29411019736796,0.008666666666666666,0.0
1571013840.0,0.27906,29.241654057017083,0.008666666666666666,0.0
1571013900.0,0.27906,29.189197916666206,0.008666666666666666,0.0
1571013960.0,0.27906,29.13674177631533,0.008666666666666666,0.0
1571014020.0,0.27906,29.084285635964452,0.008666666666666666,0.0
1571014080.0,0.27906,29.031829495613575,0.008666666666666666,0.0
1571014140.0,0.27906,28.979373355262698,0.008666666666666666,0.0
1571014200.0,0.27906,28.92691721491182,0.008666666666666666,0.0
1571014260.0,0.27906,28.874461074560944,0.008666666666666666,0.0
1571014320.0,0.27906,28.822004934210067,0.008666666666666666,0.0
1571014380.0,0.27906,28.76954879385919,0.008666666666666666,0.0
1571014440.0,0.27906,28.717092653508313,0.008666666666666666,0.0
1571014500.0,0.27906,28.664636513157436,0.008666666666666666,0.0
1571014560.0,0.27906,28.61218037280656,0.008666666666666666,0.0
1571014620.0,0.27906,28.559724232455682,0.008666666666666666,0.0
1571014680.0,0.27906,28.507268092104805,0.008666666666666666,0.0
1571014740.0,0.27906,28.45481195175393,0.008666666666666666,0.0
1571014800.0,0.27906,28.40481195175393,0.0085,0.0
1571014860.0,0.27906,28.354811951753934,0.0085,0.0
1571014920.0,0.27906,28.304811951753937,0.0085,0.0
1571014980.0,0.27906,28.25481195175394,0.0085,0.0
1571015040.0,0.27906,28.204811951753943,0.0085,0.0
1571015100.0,0.27906,28.154811951753945,0.0085,0.0
1571015160.0,0.27906,28.10481195175395,0.0085,0.0
1571015220.0,0.27906,28.05481195175395,0.0085,0.0
1571015280.0,0.27906,28.004811951753954,0.0085,0.0
1571015340.0,0.27906,27.954811951753957,0.0085,0.0
1571015400.0,0.27906,27.90481195175396,0.0085,0.0
1571015460.0,0.27906,27.854811951753963,0.0085,0.0
1571015520.0,0.27906,27.804811951753965,0.0085,0.0
1571015580.0,0.27906,27.754811951753968,0.0085,0.0
1571015640.0,0.27906,27.70481195175397,0.0085,0.0
1571015700.0,0.27906,27.654811951753974,0.0085,0.0
1571015760.0,0.27906,27.604811951753977,0.0085,0.0
1571015820.0,0.27906,27.55481195175398,0.0085,0.0
1571015880.0,0.27906,27.504811951753982,0.0085,0.0
1571015940.0,0.27906,27.454811951753985,0.0085,0.0
1571016000.0,0.27906,27.404811951753988,0.0085,0.0
1571016060.0,0.27906,27.35481195175399,0.0085,0.0
1571016120.0,0.27906,27.304811951753994,0.0085,0.0
1571016180.0,0.27906,27.254811951753997,0.0085,0.0
1571016240.0,0.27906,27.204811951754,0.0085,0.0
1571016300.0,0.27906,27.154811951754002,0.0085,0.0
1571016360.0,0.27906,27.104811951754005,0.0085,0.0
1571016420.0,0.27906,27.054811951754008,0.0085,0.0
1571016480.0,0.27906,27.00481195175401,0.0085,0.0
1571016540.0,0.27906,26.954811951754014,0.0085,0.0
1571016600.0,0.27906,26.904811951754017,0.0085,0.0
1571016660.0,0.27906,26.85481195175402,0.0085,0.0
1571016720.0,0.27906,26.804811951754022,0.0085,0.0
1571016780.0,0.27906,26.754811951754025,0.0085,0.0
1571016840.0,0.27906,26.704811951754028,0.0085,0.0
1571016900.0,0.27906,26.65481195175403,0.0085,0.0
1571016960.0,0.27906,26.604811951754034,0.0085,0.0
1571017020.0,0.27906,26.554811951754036,0.0085,0.0
1571017080.0,0.27906,26.50481195175404,0.0085,0.0
1571017140.0,0.27906,26.454811951754042,0.0085,0.0
1571017200.0,0.27906,26.404811951754045,0.0085,0.0
1571017260.0,0.27906,26.354811951754048,0.0085,0.0
1571017320.0,0.27906,26.30481195175405,0.0085,0.0
1571017380.0,0.27906,26.254811951754053,0.0085,0.0
1571017440.0,0.27906,26.204811951754056,0.0085,0.0
1571017500.0,0.27906,26.15481195175406,0.0085,0.0
1571017560.0,0.27906,26.104811951754062,0.0085,0.0
1571017620.0,0.27906,26.054811951754065,0.0085,0.0
1571017680.0,0.27906,26.004811951754068,0.0085,0.0
1571017740.0,0.27906,25.95481195175407,0.0085,0.0
1571017800.0,0.27906,25.904811951754073,0.0085,0.0
1571017860.0,0.27906,25.854811951754076,0.0085,0.0
1571017920.0,0.27906,25.80481195175408,0.0085,0.0
1571017980.0,0.27906,25.754811951754082,0.0085,0.0
1571018040.0,0.27906,25.704811951754085,0.0085,0.0
1571018100.0,0.27906,25.654811951754088,0.0085,0.0
1571018160.0,0.27906,25.60481195175409,0.0085,0.0
1571018220.0,0.27906,25.554811951754093,0.0085,0.0
1571018280.0,0.27906,25.504811951754096,0.0085,0.0
1571018340.0,0.27906,25.4548119517541,0.0085,0.0
1571018400.0,0.27906,25.416390899122522,0.0085,0.0
1571018460.0,0.27906,25.377969846490945,0.0085,0.0
1571018520.0,0.27906,25.339548793859368,0.0085,0.0
1571018580.0,0.27906,25.30112774122779,0.0085,0.0
1571018640.0,0.27906,25.262706688596214,0.0085,0.0
1571018700.0,0.27906,25.224285635964637,0.0085,0.0
1571018760.0,0.27906,25.18586458333306,0.0085,0.0
1571018820.0,0.27906,25.147443530701484,0.0085,0.0
1571018880.0,0.27906,25.109022478069907,0.0085,0.0
1571018940.0,0.27906,25.07060142543833,0.0085,0.0
1571019000.0,0.27906,25.032180372806753,0.0085,0.0
1571019060.0,0.27906,24.993759320175176,0.0085,0.0
1571019120.0,0.27906,24.9553382675436,0.0085,0.0
1571019180.0,0.27906,24.916917214912022,0.0085,0.0
1571019240.0,0.27906,24.878496162280445,0.0085,0.0
1571019300.0,0.27906,24.84007510964887,0.0085,0.0
1571019360.0,0.27906,24.80165405701729,0.0085,0.0
1571019420.0,0.27906,24.763233004385715,0.0085,0.0
1571019480.0,0.27906,24.724811951754138,0.0085,0.0
1571019540.0,0.27906,24.68639089912256,0.0085,0.0
1571019600.0,0.27906,24.647969846490984,0.0085,0.0
1571019660.0,0.27906,24.609548793859407,0.0085,0.0
1571019720.0,0.27906,24.57112774122783,0.0085,0.0
1571019780.0,0.27906,24.532706688596253,0.0085,0.0
1571019840.0,0.27906,24.494285635964676,0.0085,0.0
1571019900.0,0.27906,24.4558645833331,0.0085,0.0
1571019960.0,0.27906,24.417443530701522,0.0085,0.0
1571020020.0,0.27906,24.379022478069945,0.0085,0.0
1571020080.0,0.27906,24.34060142543837,0.0085,0.0
1571020140.0,0.27906,24.30218037280679,0.0085,0.0
1571020200.0,0.27906,24.263759320175215,0.0085,0.0
1571020260.0,0.27906,24.225338267543638,0.0085,0.0
1571020320.0,0.27906,24.18691721491206,0.0085,0.0
1571020380.0,0.27906,24.148496162280484,0.0085,0.0
1571020440.0,0.27906,24.110075109648907,0.0085,0.0
1571020500.0,0.27906,24.07165405701733,0.0085,0.0
1571020560.0,0.27906,24.033233004385753,0.0085,0.0
1571020620.0,0.27906,23.994811951754176,0.0085,0.0
1571020680.0,0.27906,23.9563908991226,0.0085,0.0
1571020740.0,0.27906,23.917969846491022,0.0085,0.0
1571020800.0,0.27906,23.879548793859446,0.0085,0.0
1571020860.0,0.27906,23.84112774122787,0.0085,0.0
1571020920.0,0.27906,23.80270668859629,0.0085,0.0
1571020980.0,0.27906,23.764285635964715,0.0085,0.0
1571021040.0,0.27906,23.725864583333138,0.0085,0.0
1571021100.0,0.27906,23.68744353070156,0.0085,0.0
1571021160.0,0.27906,23.649022478069984,0.0085,0.0
1571021220.0,0.27906,23.610601425438407,0.0085,0.0
1571021280.0,0.27906,23.57218037280683,0.0085,0.0
1571021340.0,0.27906,23.533759320175253,0.0085,0.0
1571021400.0,0.27906,23.495338267543676,0.0085,0.0
1571021460.0,0.27906,23.4569172149121,0.0085,0.0
1571021520.0,0.27906,23.418496162280523,0.0085,0.0
1571021580.0,0.27906,23.380075109648946,0.0085,0.0
1571021640.0,0.27906,23.34165405701737,0.0085,0.0
1571021700.0,0.27906,23.303233004385792,0.0085,0.0
1571021760.0,0.27906,23.264811951754215,0.0085,0.0
1571021820.0,0.27906,23.226390899122638,0.0085,0.0
1571021880.0,0.27906,23.18796984649106,0.0085,0.0
1571021940.0,0.27906,23.149548793859484,0.0085,0.0
1571022000.0,0.27906,23.119197916666504,0.006500000000000001,0.0
1571022060.0,0.27906,23.088847039473524,0.006500000000000001,0.0
1571022120.0,0.27906,23.058496162280544,0.006500000000000001,0.0
1571022180.0,0.27906,23.028145285087565,0.006500000000000001,0.0
1571022240.0,0.27906,22.997794407894585,0.006500000000000001,0.0
1571022300.0,0.27906,22.967443530701605,0.006500000000000001,0.0
1571022360.0,0.27906,22.937092653508625,0.006500000000000001,0.0
1571022420.0,0.27906,22.906741776315645,0.006500000000000001,0.0
1571022480.0,0.27906,22.876390899122665,0.006500000000000001,0.0
1571022540.0,0.27906,22.846040021929685,0.006500000000000001,0.0
1571022600.0,0.27906,22.815689144736705,0.006500000000000001,0.0
1571022660.0,0.27906,22.785338267543725,0.006500000000000001,0.0
1571022720.0,0.27906,22.754987390350745,0.006500000000000001,0.0
1571022780.0,0.27906,22.724636513157765,0.006500000000000001,0.0
1571022840.0,0.27906,22.694285635964786,0.006500000000000001,0.0
1571022900.0,0.27906,22.663934758771806,0.006500000000000001,0.0
1571022960.0,0.27906,22.633583881578826,0.006500000000000001,0.0
1571023020.0,0.27906,22.603233004385846,0.006500000000000001,0.0
1571023080.0,0.27906,22.572882127192866,0.006500000000000001,0.0
1571023140.0,0.27906,22.542531249999886,0.006500000000000001,0.0
1571023200.0,0.27906,22.512180372806906,0.006500000000000001,0.0
1571023260.0,0.27906,22.481829495613926,0.006500000000000001,0.0
1571023320.0,0.27906,22.451478618420946,0.006500000000000001,0.0
1571023380.0,0.27906,22.421127741227966,0.006500000000000001,0.0
1571023440.0,0.27906,22.390776864034986,0.006500000000000001,0.0
1571023500.0,0.27906,22.360425986842007,0.006500000000000001,0.0
1571023560.0,0.27906,22.330075109649027,0.006500000000000001,0.0
1571023620.0,0.27906,22.299724232456047,0.006500000000000001,0.0
1571023680.0,0.27906,22.269373355263067,0.006500000000000001,0.0
1571023740.0,0.27906,22.239022478070087,0.006500000000000001,0.0
1571023800.0,0.27906,22.208671600877107,0.006500000000000001,0.0
1571023860.0,0.27906,22.178320723684127,0.006500000000000001,0.0
1571023920.0,0.27906,22.147969846491147,0.006500000000000001,0.0
1571023980.0,0.27906,22.117618969298167,0.006500000000000001,0.0
1571024040.0,0.27906,22.087268092105187,0.006500000000000001,0.0
1571024100.0,0.27906,22.056917214912207,0.006500000000000001,0.0
1571024160.0,0.27906,22.026566337719228,0.006500000000000001,0.0
1571024220.0,0.27906,21.996215460526248,0.006500000000000001,0.0
1571024280.0,0.27906,21.965864583333268,0.006500000000000001,0.0
1571024340.0,0.27906,21.935513706140288,0.006500000000000001,0.0
1571024400.0,0.27906,21.905162828947308,0.006500000000000001,0.0
1571024460.0,0.27906,21.874811951754328,0.006500000000000001,0.0
1571024520.0,0.27906,21.844461074561348,0.006500000000000001,0.0
1571024580.0,0.27906,21.814110197368368,0.006500000000000001,0.0
1571024640.0,0.27906,21.78375932017539,0.006500000000000001,0.0
1571024700.0,0.27906,21.75340844298241,0.006500000000000001,0.0
1571024760.0,0.27906,21.72305756578943,0.006500000000000001,0.0
1571024820.0,0.27906,21.69270668859645,0.006500000000000001,0.0
1571024880.0,0.27906,21.66235581140347,0.006500000000000001,0.0
1571024940.0,0.27906,21.63200493421049,0.006500000000000001,0.0
1571025000.0,0.27906,21.60165405701751,0.006500000000000001,0.0
1571025060.0,0.27906,21.57130317982453,0.006500000000000001,0.0
1571025120.0,0.27906,21.54095230263155,0.006500000000000001,0.0
1571025180.0,0.27906,21.51060142543857,0.006500000000000001,0.0
1571025240.0,0.27906,21.48025054824559,0.006500000000000001,0.0
1571025300.0,0.27906,21.44989967105261,0.006500000000000001,0.0
1571025360.0,0.27906,21.41954879385963,0.006500000000000001,0.0
1571025420.0,0.27906,21.38919791666665,0.006500000000000001,0.0
1571025480.0,0.27906,21.35884703947367,0.006500000000000001,0.0
1571025540.0,0.27906,21.32849616228069,0.006500000000000001,0.0
